file,start_time,end_time,KAAM_song
/media/kiwi/datasets/finalized/kaua2024a/AKEK_grid/A1-0_11883/Data/SMM11883_20240322_110000.wav,93.0,96.0,11.751172
/media/kiwi/datasets/finalized/kaua2024a/AKEK_grid/A1-0_11883/Data/SMM11883_20240322_110000.wav,147.0,150.0,6.612574
/media/kiwi/datasets/finalized/kaua2024a/AKEK_grid/A1-0_11883/Data/SMM11883_20240324_085800.wav,78.0,81.0,7.5116677
/media/kiwi/datasets/finalized/kaua2024a/AKEK_grid/A1-0_11883/Data/SMM11883_20240412_174100.wav,102.0,105.0,9.032312
/media/kiwi/datasets/finalized/kaua2024a/AKEK_grid/A1-0_11883/Data/SMM11883_20240412_174100.wav,108.0,111.0,10.584079
/media/kiwi/datasets/finalized/kaua2024a/AKEK_grid/A2-0_11869/Data/SMM11869_20240528_141500.wav,78.0,81.0,12.522957
/media/kiwi/datasets/finalized/kaua2024a/AKEK_grid/A2-0_11869/Data/SMM11869_20240528_141500.wav,126.0,129.0,11.296481
/media/kiwi/datasets/finalized/kaua2024a/AKEK_grid/A2-0_11869/Data/SMM11869_20240528_141500.wav,180.0,183.0,12.137502
/media/kiwi/datasets/finalized/kaua2024a/AKEK_grid/A2-0_11869/Data/SMM11869_20240605_181400.wav,201.0,204.0,8.036528
/media/kiwi/datasets/finalized/kaua2024a/AKEK_grid/A2-0_11869/Data/SMM11869_20240611_151500.wav,147.0,150.0,7.133035
/media/kiwi/datasets/finalized/kaua2024a/AKEK_grid/B2-0_11425/Data/SMM11425_20240420_093400.wav,84.0,87.0,8.898713
/media/kiwi/datasets/finalized/kaua2024a/AKEK_grid/B2-0_11425/Data/SMM11425_20240420_093400.wav,147.0,150.0,6.9984627
/media/kiwi/datasets/finalized/kaua2024a/AKEK_grid/B2-0_11425/Data/SMM11425_20240519_141700.wav,45.0,48.0,7.0391808
/media/kiwi/datasets/finalized/kaua2024a/AKEK_grid/B2-0_11425/Data/SMM11425_20240519_141700.wav,81.0,84.0,8.426975
/media/kiwi/datasets/finalized/kaua2024a/AKEK_grid/B2-0_11425/Data/SMM11425_20240519_141700.wav,129.0,132.0,8.2491865
/media/kiwi/datasets/finalized/kaua2024a/AKEK_grid/B2-1-extra_11792/Data/SMM11792_20240517_111800.wav,186.0,189.0,4.859116
/media/kiwi/datasets/finalized/kaua2024a/AKEK_grid/B2-1-extra_11792/Data/SMM11792_20240526_171600.wav,72.0,75.0,11.099347
/media/kiwi/datasets/finalized/kaua2024a/AKEK_grid/B2-1-extra_11792/Data/SMM11792_20240606_171400.wav,96.0,99.0,13.323757
/media/kiwi/datasets/finalized/kaua2024a/AKEK_grid/B2-1-extra_11792/Data/SMM11792_20240606_171400.wav,147.0,150.0,10.540446
/media/kiwi/datasets/finalized/kaua2024a/AKEK_grid/B2-1-extra_11792/Data/SMM11792_20240617_071500.wav,201.0,204.0,7.5642343
/media/kiwi/datasets/finalized/kaua2024a/AKEK_grid/B3-0_11550/Data/SMM11550_20240325_145700.wav,234.0,237.0,9.432402
/media/kiwi/datasets/finalized/kaua2024a/AKEK_grid/B3-0_11550/Data/SMM11550_20240401_135100.wav,15.0,18.0,5.7351375
/media/kiwi/datasets/finalized/kaua2024a/AKEK_grid/B3-0_11550/Data/SMM11550_20240401_135100.wav,63.0,66.0,6.5437407
/media/kiwi/datasets/finalized/kaua2024a/AKEK_grid/B3-0_11550/Data/SMM11550_20240411_074100.wav,177.0,180.0,6.5500436
/media/kiwi/datasets/finalized/kaua2024a/AKEK_grid/B3-0_11550/Data/SMM11550_20240428_072800.wav,12.0,15.0,8.251907
/media/kiwi/datasets/finalized/kaua2024a/AKEK_grid/B3-4_11462/Data/SMM11462_20240502_072500.wav,12.0,15.0,12.603149
/media/kiwi/datasets/finalized/kaua2024a/AKEK_grid/B3-4_11462/Data/SMM11462_20240502_082500.wav,237.0,240.0,9.341205
/media/kiwi/datasets/finalized/kaua2024a/AKEK_grid/C2-0_11798/Data/SMM11798_20240508_142200.wav,60.0,63.0,0.88979846
/media/kiwi/datasets/finalized/kaua2024a/AKEK_grid/C2-0_11798/Data/SMM11798_20240523_111600.wav,39.0,42.0,5.0265636
/media/kiwi/datasets/finalized/kaua2024a/AKEK_grid/C2-0_11798/Data/SMM11798_20240626_191700.wav,99.0,102.0,0.203256
/media/kiwi/datasets/finalized/kaua2024a/AKEK_grid/C4-0_11457/Data/SMM11457_20240521_141600.wav,27.0,30.0,7.335037
/media/kiwi/datasets/finalized/kaua2024a/AKEK_grid/C4-0_11457/Data/SMM11457_20240522_111600.wav,36.0,39.0,8.448703
/media/kiwi/datasets/finalized/kaua2024a/AKEK_grid/C4-0_11457/Data/SMM11457_20240522_111600.wav,138.0,141.0,10.096942
/media/kiwi/datasets/finalized/kaua2024a/AKEK_grid/C4-0_11457/Data/SMM11457_20240522_141600.wav,93.0,96.0,8.380503
/media/kiwi/datasets/finalized/kaua2024a/AKEK_grid/C4-0_11457/Data/SMM11457_20240522_141600.wav,108.0,111.0,8.936762
/media/kiwi/datasets/finalized/kaua2024a/AKEK_grid/C4-4-extra_11430/Data/SMM11430_20240528_161500.wav,63.0,66.0,7.581334
/media/kiwi/datasets/finalized/kaua2024a/AKEK_grid/C4-4-extra_11430/Data/SMM11430_20240528_161500.wav,66.0,69.0,9.529107
/media/kiwi/datasets/finalized/kaua2024a/AKEK_grid/C4-4-extra_11430/Data/SMM11430_20240528_161500.wav,72.0,75.0,10.347022
/media/kiwi/datasets/finalized/kaua2024a/AKEK_grid/C4-4-extra_11430/Data/SMM11430_20240528_161500.wav,78.0,81.0,10.431627
/media/kiwi/datasets/finalized/kaua2024a/AKEK_grid/C5-0_11906/Data/SMM11906_20240404_134800.wav,192.0,195.0,7.1948557
/media/kiwi/datasets/finalized/kaua2024a/AKEK_grid/D4-4_11791/Data/SMM11791_20240429_162700.wav,6.0,9.0,9.604575
/media/kiwi/datasets/finalized/kaua2024a/AKEK_grid/D5-4_11471/Data/SMM11471_20240319_070300.wav,213.0,216.0,9.32493
/media/kiwi/datasets/finalized/kaua2024a/AKEK_grid/D5-4_11471/Data/SMM11471_20240416_103700.wav,0.0,3.0,7.217068
/media/kiwi/datasets/finalized/kaua2024a/AKEK_grid/D5-4_11471/Data/SMM11471_20240525_181500.wav,177.0,180.0,4.7758417
/media/kiwi/datasets/finalized/kaua2024a/AKEK_grid/D5-4_11471/Data/SMM11471_20240527_181500.wav,51.0,54.0,6.5345216
/media/kiwi/datasets/finalized/kaua2024a/AKEK_grid/D5-4_11471/Data/SMM11471_20240602_111400.wav,129.0,132.0,6.8063536
/media/kiwi/datasets/finalized/kaua2024a/AKEK_grid/H6-0_11434/Data/SMM11434_20240412_154100.wav,60.0,63.0,10.36349
/media/kiwi/datasets/finalized/kaua2024a/AKEK_grid/H6-0_11434/Data/SMM11434_20240512_132000.wav,21.0,24.0,1.1433553
/media/kiwi/datasets/finalized/kaua2024a/AKEK_grid/I6-1_11426/Data/SMM11426_20240413_144000.wav,147.0,150.0,13.507181
/media/kiwi/datasets/finalized/kaua2024a/AKEK_grid/I6-1_11426/Data/SMM11426_20240415_183800.wav,90.0,93.0,16.290018
/media/kiwi/datasets/finalized/kaua2024a/AKEK_grid/I6-1_11426/Data/SMM11426_20240501_072600.wav,114.0,117.0,6.846069
/media/kiwi/datasets/finalized/kaua2024a/AKEK_grid/I6-1_11426/Data/SMM11426_20240501_072600.wav,141.0,144.0,5.9692507
/media/kiwi/datasets/finalized/kaua2024a/AKEK_grid/I6-1_11426/Data/SMM11426_20240501_072600.wav,168.0,171.0,6.1512737
/media/kiwi/datasets/finalized/kaua2024a/AKEK_grid/I7-0_11458/Data/SMM11458_20240426_052900.wav,81.0,84.0,9.912871
/media/kiwi/datasets/finalized/kaua2024a/AKEK_grid/I7-0_11458/Data/SMM11458_20240426_052900.wav,180.0,183.0,5.432385
/media/kiwi/datasets/finalized/kaua2024a/AKEK_grid/I7-0_11458/Data/SMM11458_20240428_082800.wav,45.0,48.0,14.247678
/media/kiwi/datasets/finalized/kaua2024a/AKEK_grid/I8-0_11531/Data/SMM11531_20240413_124000.wav,48.0,51.0,7.404009
/media/kiwi/datasets/finalized/kaua2024a/AKEK_grid/I8-0_11531/Data/SMM11531_20240413_124000.wav,81.0,84.0,8.650383
/media/kiwi/datasets/finalized/kaua2024a/AKEK_grid/I8-0_11531/Data/SMM11531_20240417_123600.wav,168.0,171.0,10.335879
/media/kiwi/datasets/finalized/kaua2024a/AKEK_grid/I8-0_11531/Data/SMM11531_20240502_162500.wav,0.0,3.0,11.253403
/media/kiwi/datasets/finalized/kaua2024a/AKEK_grid/I8-2-additional_11450/Data/SMM11450_20240423_163200.wav,201.0,204.0,9.245308
/media/kiwi/datasets/finalized/kaua2024a/AKEK_grid/I8-2-additional_11450/Data/SMM11450_20240429_132700.wav,198.0,201.0,9.988774
/media/kiwi/datasets/finalized/kaua2024a/AKEK_grid/I8-2-additional_11450/Data/SMM11450_20240505_092300.wav,75.0,78.0,6.7384286
/media/kiwi/datasets/finalized/kaua2024a/AKEK_grid/I8-2-additional_11450/Data/SMM11450_20240515_161800.wav,39.0,42.0,10.881031
/media/kiwi/datasets/finalized/kaua2024a/AKEK_grid/I8-2-additional_11450/Data/SMM11450_20240525_091500.wav,156.0,159.0,7.5418143
/media/kiwi/datasets/finalized/kaua2024a/PUAI_OS/OS-HH-01_14288/Data/SMM14288_20240605_111400.wav,195.0,198.0,9.433011
/media/kiwi/datasets/finalized/kaua2024a/PUAI_OS/OS-HH-01_14288/Data/SMM14288_20240607_111400.wav,111.0,114.0,13.105247
/media/kiwi/datasets/finalized/kaua2024a/PUAI_OS/OS-HH-01_14288/Data/SMM14288_20240607_111400.wav,135.0,138.0,14.438344
/media/kiwi/datasets/finalized/kaua2024a/PUAI_OS/OS-HH-01_14288/Data/SMM14288_20240607_171400.wav,30.0,33.0,9.75725
/media/kiwi/datasets/finalized/kaua2024a/PUAI_OS/OS-HPK-06_14268/Data/SMM14268_20240522_091600.wav,177.0,180.0,9.088574
/media/kiwi/datasets/finalized/kaua2024a/PUAI_OS/OS-HPK-06_14268/Data/SMM14268_20240527_091500.wav,60.0,63.0,10.993706
/media/kiwi/datasets/finalized/kaua2024a/PUAI_OS/OS-HPK-06_14268/Data/SMM14268_20240527_111500.wav,192.0,195.0,6.8809705
/media/kiwi/datasets/finalized/kaua2024a/PUAI_OS/OS-HPK-06_14268/Data/SMM14268_20240527_171500.wav,228.0,231.0,9.243991
/media/kiwi/datasets/finalized/kaua2024a/PUAI_OS/OS-HPK-14_14282/Data/SMM14282_20240422_133200.wav,201.0,204.0,8.265114
/media/kiwi/datasets/finalized/kaua2024a/PUAI_OS/OS-HPK-16_14369/Data/SMM14369_20240430_142700.wav,3.0,6.0,7.1831717
/media/kiwi/datasets/finalized/kaua2024a/PUAI_OS/OS-HPK-16_14369/Data/SMM14369_20240509_142100.wav,27.0,30.0,10.819196
/media/kiwi/datasets/finalized/kaua2024a/PUAI_OS/OS-HPK-16_14369/Data/SMM14369_20240509_152100.wav,171.0,174.0,4.7582765
/media/kiwi/datasets/finalized/kaua2024a/PUAI_OS/OS-HPK-16_14369/Data/SMM14369_20240515_131800.wav,27.0,30.0,7.8443294
/media/kiwi/datasets/finalized/kaua2024a/PUAI_OS/OS-HPK-18_14266/Data/SMM14266_20240410_154200.wav,3.0,6.0,4.3914485
/media/kiwi/datasets/finalized/kaua2024a/PUAI_OS/OS-HPK-18_14266/Data/SMM14266_20240410_154200.wav,9.0,12.0,4.613726
/media/kiwi/datasets/finalized/kaua2024a/PUAI_OS/OS-HPK-18_14266/Data/SMM14266_20240521_061600.wav,180.0,183.0,6.7656255
/media/kiwi/datasets/finalized/kaua2024a/PUAI_OS/OS-HPK-18_14266/Data/SMM14266_20240521_061600.wav,186.0,189.0,8.987502
/media/kiwi/datasets/finalized/kaua2024a/PUAI_OS/OS-HPK-20_14379/Data/SMM14379_20240515_161800.wav,174.0,177.0,2.0124264
/media/kiwi/datasets/finalized/kaua2024a/PUAI_OS/OS-HPK-20_14379/Data/SMM14379_20240530_131400.wav,0.0,3.0,4.6367316
/media/kiwi/datasets/finalized/kaua2024a/PUAI_OS/OS-HPK-21_14351/Data/SMM14351_20240420_123400.wav,225.0,228.0,8.914006
/media/kiwi/datasets/finalized/kaua2024a/PUAI_OS/OS-HPK-21_14351/Data/SMM14351_20240422_133200.wav,117.0,120.0,6.1918654
/media/kiwi/datasets/finalized/kaua2024a/PUAI_OS/OS-HPK-21_14351/Data/SMM14351_20240428_092800.wav,129.0,132.0,6.2581677
/media/kiwi/datasets/finalized/kaua2024a/PUAI_OS/OS-HPK-21_14351/Data/SMM14351_20240502_102500.wav,201.0,204.0,6.7671013
/media/kiwi/datasets/finalized/kaua2024a/PUAI_OS/OS-HPK-21_14351/Data/SMM14351_20240502_102500.wav,207.0,210.0,8.186107
/media/kiwi/datasets/finalized/kaua2024a/PUAI_OS/OS-HPK-22_14269/Data/SMM14269_20240421_153300.wav,144.0,147.0,10.094682
/media/kiwi/datasets/finalized/kaua2024a/PUAI_OS/OS-MOH-06_14249/Data/SMM14249_20240502_062500.wav,102.0,105.0,11.361521
/media/kiwi/datasets/finalized/kaua2024a/PUAI_OS/OS-MOH-06_14249/Data/SMM14249_20240502_062500.wav,156.0,159.0,8.4940195
/media/kiwi/datasets/finalized/kaua2024a/PUAI_OS/OS-MOH-06_14249/Data/SMM14249_20240522_061600.wav,90.0,93.0,8.332232
/media/kiwi/datasets/finalized/kaua2024a/PUAI_OS/OS-MOH-06_14249/Data/SMM14249_20240522_091600.wav,15.0,18.0,9.509808
/media/kiwi/datasets/finalized/kaua2024a/PUAI_OS/OS-MOH-06_14249/Data/SMM14249_20240522_091600.wav,78.0,81.0,10.181294
/media/kiwi/datasets/finalized/kaua2024a/PUAI_OS/OS-UUK-10_11859/Data/SMM11859_20240517_181800.wav,114.0,117.0,2.0807111
/media/kiwi/datasets/finalized/kaua2024a/PUAI_OS/OS-UUK-10_11859/Data/SMM11859_20240521_091600.wav,15.0,18.0,0.2924142
/media/kiwi/datasets/finalized/kaua2024a/PUAI_OS/OS-UUK-10_11859/Data/SMM11859_20240521_091600.wav,45.0,48.0,4.2876987
/media/kiwi/datasets/finalized/kaua2024a/PUAI_OS/OS-UUK-10_11859/Data/SMM11859_20240521_091600.wav,75.0,78.0,5.178265
/media/kiwi/datasets/finalized/kaua2024a/PUAI_OS/OS-UUK-12_11890/Data/SMM11890_20240512_082000.wav,168.0,171.0,2.216383
/media/kiwi/datasets/finalized/kaua2024a/PUAI_OS/OS-UUK-12_11890/Data/SMM11890_20240513_121900.wav,6.0,9.0,3.4504397
/media/kiwi/datasets/finalized/kaua2024a/PUAI_OS/OS-UUK-12_11890/Data/SMM11890_20240513_121900.wav,60.0,63.0,5.8289676
/media/kiwi/datasets/finalized/kaua2024a/PUAI_OS/OS-UUK-12_11890/Data/SMM11890_20240513_121900.wav,108.0,111.0,6.2212286
/media/kiwi/datasets/finalized/kaua2024a/PUAI_OS/OS-UUK-12_11890/Data/SMM11890_20240513_121900.wav,147.0,150.0,0.43223077
/media/kiwi/datasets/finalized/kaua2024a/PUAI_OS/OS-UUK-16_11863/Data/SMM11863_20240510_172100.wav,42.0,45.0,8.106582
/media/kiwi/datasets/finalized/kaua2024a/PUAI_OS/OS-UUK-16_11863/Data/SMM11863_20240529_121400.wav,213.0,216.0,9.735434
/media/kiwi/datasets/finalized/kaua2024a/AKEK_grid/A1-0_11883/Data/SMM11883_20240322_110000.wav,93.0,96.0,11.751172
/media/kiwi/datasets/finalized/kaua2024a/AKEK_grid/A1-0_11883/Data/SMM11883_20240322_110000.wav,147.0,150.0,6.612574
/media/kiwi/datasets/finalized/kaua2024a/AKEK_grid/A1-0_11883/Data/SMM11883_20240324_085800.wav,78.0,81.0,7.5116677
/media/kiwi/datasets/finalized/kaua2024a/AKEK_grid/A1-0_11883/Data/SMM11883_20240412_174100.wav,102.0,105.0,9.032312
/media/kiwi/datasets/finalized/kaua2024a/AKEK_grid/A1-0_11883/Data/SMM11883_20240412_174100.wav,108.0,111.0,10.584079
/media/kiwi/datasets/finalized/kaua2024a/AKEK_grid/A2-0_11869/Data/SMM11869_20240528_141500.wav,78.0,81.0,12.522957
/media/kiwi/datasets/finalized/kaua2024a/AKEK_grid/A2-0_11869/Data/SMM11869_20240528_141500.wav,126.0,129.0,11.296481
/media/kiwi/datasets/finalized/kaua2024a/AKEK_grid/A2-0_11869/Data/SMM11869_20240528_141500.wav,180.0,183.0,12.137502
/media/kiwi/datasets/finalized/kaua2024a/AKEK_grid/A2-0_11869/Data/SMM11869_20240605_181400.wav,201.0,204.0,8.036528
/media/kiwi/datasets/finalized/kaua2024a/AKEK_grid/A2-0_11869/Data/SMM11869_20240611_151500.wav,147.0,150.0,7.133035
/media/kiwi/datasets/finalized/kaua2024a/AKEK_grid/B2-0_11425/Data/SMM11425_20240420_093400.wav,84.0,87.0,8.898713
/media/kiwi/datasets/finalized/kaua2024a/AKEK_grid/B2-0_11425/Data/SMM11425_20240420_093400.wav,147.0,150.0,6.9984627
/media/kiwi/datasets/finalized/kaua2024a/AKEK_grid/B2-0_11425/Data/SMM11425_20240519_141700.wav,45.0,48.0,7.0391808
/media/kiwi/datasets/finalized/kaua2024a/AKEK_grid/B2-0_11425/Data/SMM11425_20240519_141700.wav,81.0,84.0,8.426975
/media/kiwi/datasets/finalized/kaua2024a/AKEK_grid/B2-0_11425/Data/SMM11425_20240519_141700.wav,129.0,132.0,8.2491865
/media/kiwi/datasets/finalized/kaua2024a/AKEK_grid/B2-1-extra_11792/Data/SMM11792_20240517_111800.wav,186.0,189.0,4.859116
/media/kiwi/datasets/finalized/kaua2024a/AKEK_grid/B2-1-extra_11792/Data/SMM11792_20240526_171600.wav,72.0,75.0,11.099347
/media/kiwi/datasets/finalized/kaua2024a/AKEK_grid/B2-1-extra_11792/Data/SMM11792_20240606_171400.wav,96.0,99.0,13.323757
/media/kiwi/datasets/finalized/kaua2024a/AKEK_grid/B2-1-extra_11792/Data/SMM11792_20240606_171400.wav,147.0,150.0,10.540446
/media/kiwi/datasets/finalized/kaua2024a/AKEK_grid/B2-1-extra_11792/Data/SMM11792_20240617_071500.wav,201.0,204.0,7.5642343
/media/kiwi/datasets/finalized/kaua2024a/AKEK_grid/B3-0_11550/Data/SMM11550_20240325_145700.wav,234.0,237.0,9.432402
/media/kiwi/datasets/finalized/kaua2024a/AKEK_grid/B3-0_11550/Data/SMM11550_20240401_135100.wav,15.0,18.0,5.7351375
/media/kiwi/datasets/finalized/kaua2024a/AKEK_grid/B3-0_11550/Data/SMM11550_20240401_135100.wav,63.0,66.0,6.5437407
/media/kiwi/datasets/finalized/kaua2024a/AKEK_grid/B3-0_11550/Data/SMM11550_20240411_074100.wav,177.0,180.0,6.5500436
/media/kiwi/datasets/finalized/kaua2024a/AKEK_grid/B3-0_11550/Data/SMM11550_20240428_072800.wav,12.0,15.0,8.251907
/media/kiwi/datasets/finalized/kaua2024a/AKEK_grid/B3-4_11462/Data/SMM11462_20240502_072500.wav,12.0,15.0,12.603149
/media/kiwi/datasets/finalized/kaua2024a/AKEK_grid/B3-4_11462/Data/SMM11462_20240502_082500.wav,237.0,240.0,9.341205
/media/kiwi/datasets/finalized/kaua2024a/AKEK_grid/C2-0_11798/Data/SMM11798_20240508_142200.wav,60.0,63.0,0.88979846
/media/kiwi/datasets/finalized/kaua2024a/AKEK_grid/C2-0_11798/Data/SMM11798_20240523_111600.wav,39.0,42.0,5.0265636
/media/kiwi/datasets/finalized/kaua2024a/AKEK_grid/C2-0_11798/Data/SMM11798_20240626_191700.wav,99.0,102.0,0.203256
/media/kiwi/datasets/finalized/kaua2024a/AKEK_grid/C4-0_11457/Data/SMM11457_20240521_141600.wav,27.0,30.0,7.335037
/media/kiwi/datasets/finalized/kaua2024a/AKEK_grid/C4-0_11457/Data/SMM11457_20240522_111600.wav,36.0,39.0,8.448703
/media/kiwi/datasets/finalized/kaua2024a/AKEK_grid/C4-0_11457/Data/SMM11457_20240522_111600.wav,138.0,141.0,10.096942
/media/kiwi/datasets/finalized/kaua2024a/AKEK_grid/C4-0_11457/Data/SMM11457_20240522_141600.wav,93.0,96.0,8.380503
/media/kiwi/datasets/finalized/kaua2024a/AKEK_grid/C4-0_11457/Data/SMM11457_20240522_141600.wav,108.0,111.0,8.936762
/media/kiwi/datasets/finalized/kaua2024a/AKEK_grid/C4-4-extra_11430/Data/SMM11430_20240528_161500.wav,63.0,66.0,7.581334
/media/kiwi/datasets/finalized/kaua2024a/AKEK_grid/C4-4-extra_11430/Data/SMM11430_20240528_161500.wav,66.0,69.0,9.529107
/media/kiwi/datasets/finalized/kaua2024a/AKEK_grid/C4-4-extra_11430/Data/SMM11430_20240528_161500.wav,72.0,75.0,10.347022
/media/kiwi/datasets/finalized/kaua2024a/AKEK_grid/C4-4-extra_11430/Data/SMM11430_20240528_161500.wav,78.0,81.0,10.431627
/media/kiwi/datasets/finalized/kaua2024a/AKEK_grid/C5-0_11906/Data/SMM11906_20240404_134800.wav,192.0,195.0,7.1948557
/media/kiwi/datasets/finalized/kaua2024a/AKEK_grid/D4-4_11791/Data/SMM11791_20240429_162700.wav,6.0,9.0,9.604575
/media/kiwi/datasets/finalized/kaua2024a/AKEK_grid/D5-4_11471/Data/SMM11471_20240319_070300.wav,213.0,216.0,9.32493
/media/kiwi/datasets/finalized/kaua2024a/AKEK_grid/D5-4_11471/Data/SMM11471_20240416_103700.wav,0.0,3.0,7.217068
/media/kiwi/datasets/finalized/kaua2024a/AKEK_grid/D5-4_11471/Data/SMM11471_20240525_181500.wav,177.0,180.0,4.7758417
/media/kiwi/datasets/finalized/kaua2024a/AKEK_grid/D5-4_11471/Data/SMM11471_20240527_181500.wav,51.0,54.0,6.5345216
/media/kiwi/datasets/finalized/kaua2024a/AKEK_grid/D5-4_11471/Data/SMM11471_20240602_111400.wav,129.0,132.0,6.8063536
/media/kiwi/datasets/finalized/kaua2024a/AKEK_grid/H6-0_11434/Data/SMM11434_20240412_154100.wav,60.0,63.0,10.36349
/media/kiwi/datasets/finalized/kaua2024a/AKEK_grid/H6-0_11434/Data/SMM11434_20240512_132000.wav,21.0,24.0,1.1433553
/media/kiwi/datasets/finalized/kaua2024a/AKEK_grid/I6-1_11426/Data/SMM11426_20240413_144000.wav,147.0,150.0,13.507181
/media/kiwi/datasets/finalized/kaua2024a/AKEK_grid/I6-1_11426/Data/SMM11426_20240415_183800.wav,90.0,93.0,16.290018
/media/kiwi/datasets/finalized/kaua2024a/AKEK_grid/I6-1_11426/Data/SMM11426_20240501_072600.wav,114.0,117.0,6.846069
/media/kiwi/datasets/finalized/kaua2024a/AKEK_grid/I6-1_11426/Data/SMM11426_20240501_072600.wav,141.0,144.0,5.9692507
/media/kiwi/datasets/finalized/kaua2024a/AKEK_grid/I6-1_11426/Data/SMM11426_20240501_072600.wav,168.0,171.0,6.1512737
/media/kiwi/datasets/finalized/kaua2024a/AKEK_grid/I7-0_11458/Data/SMM11458_20240426_052900.wav,81.0,84.0,9.912871
/media/kiwi/datasets/finalized/kaua2024a/AKEK_grid/I7-0_11458/Data/SMM11458_20240426_052900.wav,180.0,183.0,5.432385
/media/kiwi/datasets/finalized/kaua2024a/AKEK_grid/I7-0_11458/Data/SMM11458_20240428_082800.wav,45.0,48.0,14.247678
/media/kiwi/datasets/finalized/kaua2024a/AKEK_grid/I8-0_11531/Data/SMM11531_20240413_124000.wav,48.0,51.0,7.404009
/media/kiwi/datasets/finalized/kaua2024a/AKEK_grid/I8-0_11531/Data/SMM11531_20240413_124000.wav,81.0,84.0,8.650383
/media/kiwi/datasets/finalized/kaua2024a/AKEK_grid/I8-0_11531/Data/SMM11531_20240417_123600.wav,168.0,171.0,10.335879
/media/kiwi/datasets/finalized/kaua2024a/AKEK_grid/I8-0_11531/Data/SMM11531_20240502_162500.wav,0.0,3.0,11.253403
/media/kiwi/datasets/finalized/kaua2024a/AKEK_grid/I8-2-additional_11450/Data/SMM11450_20240423_163200.wav,201.0,204.0,9.245308
/media/kiwi/datasets/finalized/kaua2024a/AKEK_grid/I8-2-additional_11450/Data/SMM11450_20240429_132700.wav,198.0,201.0,9.988774
/media/kiwi/datasets/finalized/kaua2024a/AKEK_grid/I8-2-additional_11450/Data/SMM11450_20240505_092300.wav,75.0,78.0,6.7384286
/media/kiwi/datasets/finalized/kaua2024a/AKEK_grid/I8-2-additional_11450/Data/SMM11450_20240515_161800.wav,39.0,42.0,10.881031
/media/kiwi/datasets/finalized/kaua2024a/AKEK_grid/I8-2-additional_11450/Data/SMM11450_20240525_091500.wav,156.0,159.0,7.5418143
/media/kiwi/datasets/finalized/kaua2024a/PUAI_OS/OS-HH-01_14288/Data/SMM14288_20240605_111400.wav,195.0,198.0,9.433011
/media/kiwi/datasets/finalized/kaua2024a/PUAI_OS/OS-HH-01_14288/Data/SMM14288_20240607_111400.wav,111.0,114.0,13.105247
/media/kiwi/datasets/finalized/kaua2024a/PUAI_OS/OS-HH-01_14288/Data/SMM14288_20240607_111400.wav,135.0,138.0,14.438344
/media/kiwi/datasets/finalized/kaua2024a/PUAI_OS/OS-HH-01_14288/Data/SMM14288_20240607_171400.wav,30.0,33.0,9.75725
/media/kiwi/datasets/finalized/kaua2024a/PUAI_OS/OS-HPK-06_14268/Data/SMM14268_20240522_091600.wav,177.0,180.0,9.088574
/media/kiwi/datasets/finalized/kaua2024a/PUAI_OS/OS-HPK-06_14268/Data/SMM14268_20240527_091500.wav,60.0,63.0,10.993706
/media/kiwi/datasets/finalized/kaua2024a/PUAI_OS/OS-HPK-06_14268/Data/SMM14268_20240527_111500.wav,192.0,195.0,6.8809705
/media/kiwi/datasets/finalized/kaua2024a/PUAI_OS/OS-HPK-06_14268/Data/SMM14268_20240527_171500.wav,228.0,231.0,9.243991
/media/kiwi/datasets/finalized/kaua2024a/PUAI_OS/OS-HPK-14_14282/Data/SMM14282_20240422_133200.wav,201.0,204.0,8.265114
/media/kiwi/datasets/finalized/kaua2024a/PUAI_OS/OS-HPK-16_14369/Data/SMM14369_20240430_142700.wav,3.0,6.0,7.1831717
/media/kiwi/datasets/finalized/kaua2024a/PUAI_OS/OS-HPK-16_14369/Data/SMM14369_20240509_142100.wav,27.0,30.0,10.819196
/media/kiwi/datasets/finalized/kaua2024a/PUAI_OS/OS-HPK-16_14369/Data/SMM14369_20240509_152100.wav,171.0,174.0,4.7582765
/media/kiwi/datasets/finalized/kaua2024a/PUAI_OS/OS-HPK-16_14369/Data/SMM14369_20240515_131800.wav,27.0,30.0,7.8443294
/media/kiwi/datasets/finalized/kaua2024a/PUAI_OS/OS-HPK-18_14266/Data/SMM14266_20240410_154200.wav,3.0,6.0,4.3914485
/media/kiwi/datasets/finalized/kaua2024a/PUAI_OS/OS-HPK-18_14266/Data/SMM14266_20240410_154200.wav,9.0,12.0,4.613726
/media/kiwi/datasets/finalized/kaua2024a/PUAI_OS/OS-HPK-18_14266/Data/SMM14266_20240521_061600.wav,180.0,183.0,6.7656255
/media/kiwi/datasets/finalized/kaua2024a/PUAI_OS/OS-HPK-18_14266/Data/SMM14266_20240521_061600.wav,186.0,189.0,8.987502
/media/kiwi/datasets/finalized/kaua2024a/PUAI_OS/OS-HPK-20_14379/Data/SMM14379_20240515_161800.wav,174.0,177.0,2.0124264
/media/kiwi/datasets/finalized/kaua2024a/PUAI_OS/OS-HPK-20_14379/Data/SMM14379_20240530_131400.wav,0.0,3.0,4.6367316
/media/kiwi/datasets/finalized/kaua2024a/PUAI_OS/OS-HPK-21_14351/Data/SMM14351_20240420_123400.wav,225.0,228.0,8.914006
/media/kiwi/datasets/finalized/kaua2024a/PUAI_OS/OS-HPK-21_14351/Data/SMM14351_20240422_133200.wav,117.0,120.0,6.1918654
/media/kiwi/datasets/finalized/kaua2024a/PUAI_OS/OS-HPK-21_14351/Data/SMM14351_20240428_092800.wav,129.0,132.0,6.2581677
/media/kiwi/datasets/finalized/kaua2024a/PUAI_OS/OS-HPK-21_14351/Data/SMM14351_20240502_102500.wav,201.0,204.0,6.7671013
/media/kiwi/datasets/finalized/kaua2024a/PUAI_OS/OS-HPK-21_14351/Data/SMM14351_20240502_102500.wav,207.0,210.0,8.186107
/media/kiwi/datasets/finalized/kaua2024a/PUAI_OS/OS-HPK-22_14269/Data/SMM14269_20240421_153300.wav,144.0,147.0,10.094682
/media/kiwi/datasets/finalized/kaua2024a/PUAI_OS/OS-MOH-06_14249/Data/SMM14249_20240502_062500.wav,102.0,105.0,11.361521
/media/kiwi/datasets/finalized/kaua2024a/PUAI_OS/OS-MOH-06_14249/Data/SMM14249_20240502_062500.wav,156.0,159.0,8.4940195
/media/kiwi/datasets/finalized/kaua2024a/PUAI_OS/OS-MOH-06_14249/Data/SMM14249_20240522_061600.wav,90.0,93.0,8.332232
/media/kiwi/datasets/finalized/kaua2024a/PUAI_OS/OS-MOH-06_14249/Data/SMM14249_20240522_091600.wav,15.0,18.0,9.509808
/media/kiwi/datasets/finalized/kaua2024a/PUAI_OS/OS-MOH-06_14249/Data/SMM14249_20240522_091600.wav,78.0,81.0,10.181294
/media/kiwi/datasets/finalized/kaua2024a/PUAI_OS/OS-UUK-10_11859/Data/SMM11859_20240517_181800.wav,114.0,117.0,2.0807111
/media/kiwi/datasets/finalized/kaua2024a/PUAI_OS/OS-UUK-10_11859/Data/SMM11859_20240521_091600.wav,15.0,18.0,0.2924142
/media/kiwi/datasets/finalized/kaua2024a/PUAI_OS/OS-UUK-10_11859/Data/SMM11859_20240521_091600.wav,45.0,48.0,4.2876987
/media/kiwi/datasets/finalized/kaua2024a/PUAI_OS/OS-UUK-10_11859/Data/SMM11859_20240521_091600.wav,75.0,78.0,5.178265
/media/kiwi/datasets/finalized/kaua2024a/PUAI_OS/OS-UUK-12_11890/Data/SMM11890_20240512_082000.wav,168.0,171.0,2.216383
/media/kiwi/datasets/finalized/kaua2024a/PUAI_OS/OS-UUK-12_11890/Data/SMM11890_20240513_121900.wav,6.0,9.0,3.4504397
/media/kiwi/datasets/finalized/kaua2024a/PUAI_OS/OS-UUK-12_11890/Data/SMM11890_20240513_121900.wav,60.0,63.0,5.8289676
/media/kiwi/datasets/finalized/kaua2024a/PUAI_OS/OS-UUK-12_11890/Data/SMM11890_20240513_121900.wav,108.0,111.0,6.2212286
/media/kiwi/datasets/finalized/kaua2024a/PUAI_OS/OS-UUK-12_11890/Data/SMM11890_20240513_121900.wav,147.0,150.0,0.43223077
/media/kiwi/datasets/finalized/kaua2024a/PUAI_OS/OS-UUK-16_11863/Data/SMM11863_20240510_172100.wav,42.0,45.0,8.106582
/media/kiwi/datasets/finalized/kaua2024a/PUAI_OS/OS-UUK-16_11863/Data/SMM11863_20240529_121400.wav,213.0,216.0,9.735434
/media/kiwi/datasets/finalized/kaua2024a/AKEK_grid/A1-0_11883/Data/SMM11883_20240322_110000.wav,93.0,96.0,11.751172
/media/kiwi/datasets/finalized/kaua2024a/AKEK_grid/A1-0_11883/Data/SMM11883_20240322_110000.wav,147.0,150.0,6.612574
/media/kiwi/datasets/finalized/kaua2024a/AKEK_grid/A1-0_11883/Data/SMM11883_20240324_085800.wav,78.0,81.0,7.5116677
/media/kiwi/datasets/finalized/kaua2024a/AKEK_grid/A1-0_11883/Data/SMM11883_20240412_174100.wav,102.0,105.0,9.032312
/media/kiwi/datasets/finalized/kaua2024a/AKEK_grid/A1-0_11883/Data/SMM11883_20240412_174100.wav,108.0,111.0,10.584079
/media/kiwi/datasets/finalized/kaua2024a/AKEK_grid/A2-0_11869/Data/SMM11869_20240528_141500.wav,78.0,81.0,12.522957
/media/kiwi/datasets/finalized/kaua2024a/AKEK_grid/A2-0_11869/Data/SMM11869_20240528_141500.wav,126.0,129.0,11.296481
/media/kiwi/datasets/finalized/kaua2024a/AKEK_grid/A2-0_11869/Data/SMM11869_20240528_141500.wav,180.0,183.0,12.137502
/media/kiwi/datasets/finalized/kaua2024a/AKEK_grid/A2-0_11869/Data/SMM11869_20240605_181400.wav,201.0,204.0,8.036528
/media/kiwi/datasets/finalized/kaua2024a/AKEK_grid/A2-0_11869/Data/SMM11869_20240611_151500.wav,147.0,150.0,7.133035
/media/kiwi/datasets/finalized/kaua2024a/AKEK_grid/B2-0_11425/Data/SMM11425_20240420_093400.wav,84.0,87.0,8.898713
/media/kiwi/datasets/finalized/kaua2024a/AKEK_grid/B2-0_11425/Data/SMM11425_20240420_093400.wav,147.0,150.0,6.9984627
/media/kiwi/datasets/finalized/kaua2024a/AKEK_grid/B2-0_11425/Data/SMM11425_20240519_141700.wav,45.0,48.0,7.0391808
/media/kiwi/datasets/finalized/kaua2024a/AKEK_grid/B2-0_11425/Data/SMM11425_20240519_141700.wav,81.0,84.0,8.426975
/media/kiwi/datasets/finalized/kaua2024a/AKEK_grid/B2-0_11425/Data/SMM11425_20240519_141700.wav,129.0,132.0,8.2491865
/media/kiwi/datasets/finalized/kaua2024a/AKEK_grid/B2-1-extra_11792/Data/SMM11792_20240517_111800.wav,186.0,189.0,4.859116
/media/kiwi/datasets/finalized/kaua2024a/AKEK_grid/B2-1-extra_11792/Data/SMM11792_20240526_171600.wav,72.0,75.0,11.099347
/media/kiwi/datasets/finalized/kaua2024a/AKEK_grid/B2-1-extra_11792/Data/SMM11792_20240606_171400.wav,96.0,99.0,13.323757
/media/kiwi/datasets/finalized/kaua2024a/AKEK_grid/B2-1-extra_11792/Data/SMM11792_20240606_171400.wav,147.0,150.0,10.540446
/media/kiwi/datasets/finalized/kaua2024a/AKEK_grid/B2-1-extra_11792/Data/SMM11792_20240617_071500.wav,201.0,204.0,7.5642343
/media/kiwi/datasets/finalized/kaua2024a/AKEK_grid/B3-0_11550/Data/SMM11550_20240325_145700.wav,234.0,237.0,9.432402
/media/kiwi/datasets/finalized/kaua2024a/AKEK_grid/B3-0_11550/Data/SMM11550_20240401_135100.wav,15.0,18.0,5.7351375
/media/kiwi/datasets/finalized/kaua2024a/AKEK_grid/B3-0_11550/Data/SMM11550_20240401_135100.wav,63.0,66.0,6.5437407
/media/kiwi/datasets/finalized/kaua2024a/AKEK_grid/B3-0_11550/Data/SMM11550_20240411_074100.wav,177.0,180.0,6.5500436
/media/kiwi/datasets/finalized/kaua2024a/AKEK_grid/B3-0_11550/Data/SMM11550_20240428_072800.wav,12.0,15.0,8.251907
/media/kiwi/datasets/finalized/kaua2024a/AKEK_grid/B3-4_11462/Data/SMM11462_20240502_072500.wav,12.0,15.0,12.603149
/media/kiwi/datasets/finalized/kaua2024a/AKEK_grid/B3-4_11462/Data/SMM11462_20240502_082500.wav,237.0,240.0,9.341205
/media/kiwi/datasets/finalized/kaua2024a/AKEK_grid/C2-0_11798/Data/SMM11798_20240508_142200.wav,60.0,63.0,0.88979846
/media/kiwi/datasets/finalized/kaua2024a/AKEK_grid/C2-0_11798/Data/SMM11798_20240523_111600.wav,39.0,42.0,5.0265636
/media/kiwi/datasets/finalized/kaua2024a/AKEK_grid/C2-0_11798/Data/SMM11798_20240626_191700.wav,99.0,102.0,0.203256
/media/kiwi/datasets/finalized/kaua2024a/AKEK_grid/C4-0_11457/Data/SMM11457_20240521_141600.wav,27.0,30.0,7.335037
/media/kiwi/datasets/finalized/kaua2024a/AKEK_grid/C4-0_11457/Data/SMM11457_20240522_111600.wav,36.0,39.0,8.448703
/media/kiwi/datasets/finalized/kaua2024a/AKEK_grid/C4-0_11457/Data/SMM11457_20240522_111600.wav,138.0,141.0,10.096942
/media/kiwi/datasets/finalized/kaua2024a/AKEK_grid/C4-0_11457/Data/SMM11457_20240522_141600.wav,93.0,96.0,8.380503
/media/kiwi/datasets/finalized/kaua2024a/AKEK_grid/C4-0_11457/Data/SMM11457_20240522_141600.wav,108.0,111.0,8.936762
/media/kiwi/datasets/finalized/kaua2024a/AKEK_grid/C4-4-extra_11430/Data/SMM11430_20240528_161500.wav,63.0,66.0,7.581334
/media/kiwi/datasets/finalized/kaua2024a/AKEK_grid/C4-4-extra_11430/Data/SMM11430_20240528_161500.wav,66.0,69.0,9.529107
/media/kiwi/datasets/finalized/kaua2024a/AKEK_grid/C4-4-extra_11430/Data/SMM11430_20240528_161500.wav,72.0,75.0,10.347022
/media/kiwi/datasets/finalized/kaua2024a/AKEK_grid/C4-4-extra_11430/Data/SMM11430_20240528_161500.wav,78.0,81.0,10.431627
/media/kiwi/datasets/finalized/kaua2024a/AKEK_grid/C5-0_11906/Data/SMM11906_20240404_134800.wav,192.0,195.0,7.1948557
/media/kiwi/datasets/finalized/kaua2024a/AKEK_grid/D4-4_11791/Data/SMM11791_20240429_162700.wav,6.0,9.0,9.604575
/media/kiwi/datasets/finalized/kaua2024a/AKEK_grid/D5-4_11471/Data/SMM11471_20240319_070300.wav,213.0,216.0,9.32493
/media/kiwi/datasets/finalized/kaua2024a/AKEK_grid/D5-4_11471/Data/SMM11471_20240416_103700.wav,0.0,3.0,7.217068
/media/kiwi/datasets/finalized/kaua2024a/AKEK_grid/D5-4_11471/Data/SMM11471_20240525_181500.wav,177.0,180.0,4.7758417
/media/kiwi/datasets/finalized/kaua2024a/AKEK_grid/D5-4_11471/Data/SMM11471_20240527_181500.wav,51.0,54.0,6.5345216
/media/kiwi/datasets/finalized/kaua2024a/AKEK_grid/D5-4_11471/Data/SMM11471_20240602_111400.wav,129.0,132.0,6.8063536
/media/kiwi/datasets/finalized/kaua2024a/AKEK_grid/H6-0_11434/Data/SMM11434_20240412_154100.wav,60.0,63.0,10.36349
/media/kiwi/datasets/finalized/kaua2024a/AKEK_grid/H6-0_11434/Data/SMM11434_20240512_132000.wav,21.0,24.0,1.1433553
/media/kiwi/datasets/finalized/kaua2024a/AKEK_grid/I6-1_11426/Data/SMM11426_20240413_144000.wav,147.0,150.0,13.507181
/media/kiwi/datasets/finalized/kaua2024a/AKEK_grid/I6-1_11426/Data/SMM11426_20240415_183800.wav,90.0,93.0,16.290018
/media/kiwi/datasets/finalized/kaua2024a/AKEK_grid/I6-1_11426/Data/SMM11426_20240501_072600.wav,114.0,117.0,6.846069
/media/kiwi/datasets/finalized/kaua2024a/AKEK_grid/I6-1_11426/Data/SMM11426_20240501_072600.wav,141.0,144.0,5.9692507
/media/kiwi/datasets/finalized/kaua2024a/AKEK_grid/I6-1_11426/Data/SMM11426_20240501_072600.wav,168.0,171.0,6.1512737
/media/kiwi/datasets/finalized/kaua2024a/AKEK_grid/I7-0_11458/Data/SMM11458_20240426_052900.wav,81.0,84.0,9.912871
/media/kiwi/datasets/finalized/kaua2024a/AKEK_grid/I7-0_11458/Data/SMM11458_20240426_052900.wav,180.0,183.0,5.432385
/media/kiwi/datasets/finalized/kaua2024a/AKEK_grid/I7-0_11458/Data/SMM11458_20240428_082800.wav,45.0,48.0,14.247678
/media/kiwi/datasets/finalized/kaua2024a/AKEK_grid/I8-0_11531/Data/SMM11531_20240413_124000.wav,48.0,51.0,7.404009
/media/kiwi/datasets/finalized/kaua2024a/AKEK_grid/I8-0_11531/Data/SMM11531_20240413_124000.wav,81.0,84.0,8.650383
/media/kiwi/datasets/finalized/kaua2024a/AKEK_grid/I8-0_11531/Data/SMM11531_20240417_123600.wav,168.0,171.0,10.335879
/media/kiwi/datasets/finalized/kaua2024a/AKEK_grid/I8-0_11531/Data/SMM11531_20240502_162500.wav,0.0,3.0,11.253403
/media/kiwi/datasets/finalized/kaua2024a/AKEK_grid/I8-2-additional_11450/Data/SMM11450_20240423_163200.wav,201.0,204.0,9.245308
/media/kiwi/datasets/finalized/kaua2024a/AKEK_grid/I8-2-additional_11450/Data/SMM11450_20240429_132700.wav,198.0,201.0,9.988774
/media/kiwi/datasets/finalized/kaua2024a/AKEK_grid/I8-2-additional_11450/Data/SMM11450_20240505_092300.wav,75.0,78.0,6.7384286
/media/kiwi/datasets/finalized/kaua2024a/AKEK_grid/I8-2-additional_11450/Data/SMM11450_20240515_161800.wav,39.0,42.0,10.881031
/media/kiwi/datasets/finalized/kaua2024a/AKEK_grid/I8-2-additional_11450/Data/SMM11450_20240525_091500.wav,156.0,159.0,7.5418143
/media/kiwi/datasets/finalized/kaua2024a/PUAI_OS/OS-HH-01_14288/Data/SMM14288_20240605_111400.wav,195.0,198.0,9.433011
/media/kiwi/datasets/finalized/kaua2024a/PUAI_OS/OS-HH-01_14288/Data/SMM14288_20240607_111400.wav,111.0,114.0,13.105247
/media/kiwi/datasets/finalized/kaua2024a/PUAI_OS/OS-HH-01_14288/Data/SMM14288_20240607_111400.wav,135.0,138.0,14.438344
/media/kiwi/datasets/finalized/kaua2024a/PUAI_OS/OS-HH-01_14288/Data/SMM14288_20240607_171400.wav,30.0,33.0,9.75725
/media/kiwi/datasets/finalized/kaua2024a/PUAI_OS/OS-HPK-06_14268/Data/SMM14268_20240522_091600.wav,177.0,180.0,9.088574
/media/kiwi/datasets/finalized/kaua2024a/PUAI_OS/OS-HPK-06_14268/Data/SMM14268_20240527_091500.wav,60.0,63.0,10.993706
/media/kiwi/datasets/finalized/kaua2024a/PUAI_OS/OS-HPK-06_14268/Data/SMM14268_20240527_111500.wav,192.0,195.0,6.8809705
/media/kiwi/datasets/finalized/kaua2024a/PUAI_OS/OS-HPK-06_14268/Data/SMM14268_20240527_171500.wav,228.0,231.0,9.243991
/media/kiwi/datasets/finalized/kaua2024a/PUAI_OS/OS-HPK-14_14282/Data/SMM14282_20240422_133200.wav,201.0,204.0,8.265114
/media/kiwi/datasets/finalized/kaua2024a/PUAI_OS/OS-HPK-16_14369/Data/SMM14369_20240430_142700.wav,3.0,6.0,7.1831717
/media/kiwi/datasets/finalized/kaua2024a/PUAI_OS/OS-HPK-16_14369/Data/SMM14369_20240509_142100.wav,27.0,30.0,10.819196
/media/kiwi/datasets/finalized/kaua2024a/PUAI_OS/OS-HPK-16_14369/Data/SMM14369_20240509_152100.wav,171.0,174.0,4.7582765
/media/kiwi/datasets/finalized/kaua2024a/PUAI_OS/OS-HPK-16_14369/Data/SMM14369_20240515_131800.wav,27.0,30.0,7.8443294
/media/kiwi/datasets/finalized/kaua2024a/PUAI_OS/OS-HPK-18_14266/Data/SMM14266_20240410_154200.wav,3.0,6.0,4.3914485
/media/kiwi/datasets/finalized/kaua2024a/PUAI_OS/OS-HPK-18_14266/Data/SMM14266_20240410_154200.wav,9.0,12.0,4.613726
/media/kiwi/datasets/finalized/kaua2024a/PUAI_OS/OS-HPK-18_14266/Data/SMM14266_20240521_061600.wav,180.0,183.0,6.7656255
/media/kiwi/datasets/finalized/kaua2024a/PUAI_OS/OS-HPK-18_14266/Data/SMM14266_20240521_061600.wav,186.0,189.0,8.987502
/media/kiwi/datasets/finalized/kaua2024a/PUAI_OS/OS-HPK-20_14379/Data/SMM14379_20240515_161800.wav,174.0,177.0,2.0124264
/media/kiwi/datasets/finalized/kaua2024a/PUAI_OS/OS-HPK-20_14379/Data/SMM14379_20240530_131400.wav,0.0,3.0,4.6367316
/media/kiwi/datasets/finalized/kaua2024a/PUAI_OS/OS-HPK-21_14351/Data/SMM14351_20240420_123400.wav,225.0,228.0,8.914006
/media/kiwi/datasets/finalized/kaua2024a/PUAI_OS/OS-HPK-21_14351/Data/SMM14351_20240422_133200.wav,117.0,120.0,6.1918654
/media/kiwi/datasets/finalized/kaua2024a/PUAI_OS/OS-HPK-21_14351/Data/SMM14351_20240428_092800.wav,129.0,132.0,6.2581677
/media/kiwi/datasets/finalized/kaua2024a/PUAI_OS/OS-HPK-21_14351/Data/SMM14351_20240502_102500.wav,201.0,204.0,6.7671013
/media/kiwi/datasets/finalized/kaua2024a/PUAI_OS/OS-HPK-21_14351/Data/SMM14351_20240502_102500.wav,207.0,210.0,8.186107
/media/kiwi/datasets/finalized/kaua2024a/PUAI_OS/OS-HPK-22_14269/Data/SMM14269_20240421_153300.wav,144.0,147.0,10.094682
/media/kiwi/datasets/finalized/kaua2024a/PUAI_OS/OS-MOH-06_14249/Data/SMM14249_20240502_062500.wav,102.0,105.0,11.361521
/media/kiwi/datasets/finalized/kaua2024a/PUAI_OS/OS-MOH-06_14249/Data/SMM14249_20240502_062500.wav,156.0,159.0,8.4940195
/media/kiwi/datasets/finalized/kaua2024a/PUAI_OS/OS-MOH-06_14249/Data/SMM14249_20240522_061600.wav,90.0,93.0,8.332232
/media/kiwi/datasets/finalized/kaua2024a/PUAI_OS/OS-MOH-06_14249/Data/SMM14249_20240522_091600.wav,15.0,18.0,9.509808
/media/kiwi/datasets/finalized/kaua2024a/PUAI_OS/OS-MOH-06_14249/Data/SMM14249_20240522_091600.wav,78.0,81.0,10.181294
/media/kiwi/datasets/finalized/kaua2024a/PUAI_OS/OS-UUK-10_11859/Data/SMM11859_20240517_181800.wav,114.0,117.0,2.0807111
/media/kiwi/datasets/finalized/kaua2024a/PUAI_OS/OS-UUK-10_11859/Data/SMM11859_20240521_091600.wav,15.0,18.0,0.2924142
/media/kiwi/datasets/finalized/kaua2024a/PUAI_OS/OS-UUK-10_11859/Data/SMM11859_20240521_091600.wav,45.0,48.0,4.2876987
/media/kiwi/datasets/finalized/kaua2024a/PUAI_OS/OS-UUK-10_11859/Data/SMM11859_20240521_091600.wav,75.0,78.0,5.178265
/media/kiwi/datasets/finalized/kaua2024a/PUAI_OS/OS-UUK-12_11890/Data/SMM11890_20240512_082000.wav,168.0,171.0,2.216383
/media/kiwi/datasets/finalized/kaua2024a/PUAI_OS/OS-UUK-12_11890/Data/SMM11890_20240513_121900.wav,6.0,9.0,3.4504397
/media/kiwi/datasets/finalized/kaua2024a/PUAI_OS/OS-UUK-12_11890/Data/SMM11890_20240513_121900.wav,60.0,63.0,5.8289676
/media/kiwi/datasets/finalized/kaua2024a/PUAI_OS/OS-UUK-12_11890/Data/SMM11890_20240513_121900.wav,108.0,111.0,6.2212286
/media/kiwi/datasets/finalized/kaua2024a/PUAI_OS/OS-UUK-12_11890/Data/SMM11890_20240513_121900.wav,147.0,150.0,0.43223077
/media/kiwi/datasets/finalized/kaua2024a/PUAI_OS/OS-UUK-16_11863/Data/SMM11863_20240510_172100.wav,42.0,45.0,8.106582
/media/kiwi/datasets/finalized/kaua2024a/PUAI_OS/OS-UUK-16_11863/Data/SMM11863_20240529_121400.wav,213.0,216.0,9.735434
/media/kiwi/datasets/finalized/kaua2024a/PUAI_OS/OS-UUK-12_11890/Data/SMM11890_20240512_082000.wav,168.0,171.0,2.216383
/media/kiwi/datasets/finalized/kaua2024a/AKEK_grid/B2-0_11425/Data/SMM11425_20240420_093400.wav,84.0,87.0,8.898713
/media/kiwi/datasets/finalized/kaua2024a/PUAI_OS/OS-HPK-16_14369/Data/SMM14369_20240509_142100.wav,27.0,30.0,10.819196
/media/kiwi/datasets/finalized/kaua2024a/AKEK_grid/A1-0_11883/Data/SMM11883_20240324_085800.wav,78.0,81.0,7.5116677
/media/kiwi/datasets/finalized/kaua2024a/AKEK_grid/B3-0_11550/Data/SMM11550_20240428_072800.wav,12.0,15.0,8.251907
/media/kiwi/datasets/finalized/kaua2024a/PUAI_OS/OS-UUK-10_11859/Data/SMM11859_20240521_091600.wav,75.0,78.0,5.178265
/media/kiwi/datasets/finalized/kaua2024a/PUAI_OS/OS-UUK-16_11863/Data/SMM11863_20240529_121400.wav,213.0,216.0,9.735434
/media/kiwi/datasets/finalized/kaua2024a/AKEK_grid/A2-0_11869/Data/SMM11869_20240528_141500.wav,180.0,183.0,12.137502
/media/kiwi/datasets/finalized/kaua2024a/AKEK_grid/B2-1-extra_11792/Data/SMM11792_20240526_171600.wav,72.0,75.0,11.099347
/media/kiwi/datasets/finalized/kaua2024a/PUAI_OS/OS-HPK-21_14351/Data/SMM14351_20240422_133200.wav,117.0,120.0,6.1918654
/media/kiwi/datasets/finalized/kaua2024a/PUAI_OS/OS-HH-01_14288/Data/SMM14288_20240607_171400.wav,30.0,33.0,9.75725
/media/kiwi/datasets/finalized/kaua2024a/AKEK_grid/B3-0_11550/Data/SMM11550_20240401_135100.wav,63.0,66.0,6.5437407
/media/kiwi/datasets/finalized/kaua2024a/AKEK_grid/D5-4_11471/Data/SMM11471_20240602_111400.wav,129.0,132.0,6.8063536
/media/kiwi/datasets/finalized/kaua2024a/AKEK_grid/I8-2-additional_11450/Data/SMM11450_20240423_163200.wav,201.0,204.0,9.245308
/media/kiwi/datasets/finalized/kaua2024a/PUAI_OS/OS-HPK-16_14369/Data/SMM14369_20240509_152100.wav,171.0,174.0,4.7582765
/media/kiwi/datasets/finalized/kaua2024a/AKEK_grid/I6-1_11426/Data/SMM11426_20240501_072600.wav,168.0,171.0,6.1512737
/media/kiwi/datasets/finalized/kaua2024a/AKEK_grid/B2-0_11425/Data/SMM11425_20240519_141700.wav,81.0,84.0,8.426975
/media/kiwi/datasets/finalized/kaua2024a/PUAI_OS/OS-HPK-14_14282/Data/SMM14282_20240422_133200.wav,201.0,204.0,8.265114
/media/kiwi/datasets/finalized/kaua2024a/PUAI_OS/OS-HPK-21_14351/Data/SMM14351_20240420_123400.wav,225.0,228.0,8.914006
/media/kiwi/datasets/finalized/kaua2024a/AKEK_grid/I7-0_11458/Data/SMM11458_20240426_052900.wav,180.0,183.0,5.432385
/media/kiwi/datasets/finalized/kaua2024a/PUAI_OS/OS-UUK-12_11890/Data/SMM11890_20240513_121900.wav,60.0,63.0,5.8289676
/media/kiwi/datasets/finalized/kaua2024a/AKEK_grid/A2-0_11869/Data/SMM11869_20240605_181400.wav,201.0,204.0,8.036528
/media/kiwi/datasets/finalized/kaua2024a/AKEK_grid/B3-4_11462/Data/SMM11462_20240502_082500.wav,237.0,240.0,9.341205
/media/kiwi/datasets/finalized/kaua2024a/PUAI_OS/OS-MOH-06_14249/Data/SMM14249_20240502_062500.wav,156.0,159.0,8.4940195
/media/kiwi/datasets/finalized/kaua2024a/AKEK_grid/C4-0_11457/Data/SMM11457_20240522_141600.wav,93.0,96.0,8.380503
/media/kiwi/datasets/finalized/kaua2024a/AKEK_grid/A1-0_11883/Data/SMM11883_20240412_174100.wav,102.0,105.0,9.032312
/media/kiwi/datasets/finalized/kaua2024a/PUAI_OS/OS-HH-01_14288/Data/SMM14288_20240607_111400.wav,111.0,114.0,13.105247
/media/kiwi/datasets/finalized/kaua2024a/AKEK_grid/I6-1_11426/Data/SMM11426_20240413_144000.wav,147.0,150.0,13.507181
/media/kiwi/datasets/finalized/kaua2024a/AKEK_grid/C4-0_11457/Data/SMM11457_20240521_141600.wav,27.0,30.0,7.335037
/media/kiwi/datasets/finalized/kaua2024a/AKEK_grid/A2-0_11869/Data/SMM11869_20240528_141500.wav,126.0,129.0,11.296481
/media/kiwi/datasets/finalized/kaua2024a/PUAI_OS/OS-HPK-18_14266/Data/SMM14266_20240410_154200.wav,3.0,6.0,4.3914485
/media/kiwi/datasets/finalized/kaua2024a/PUAI_OS/OS-MOH-06_14249/Data/SMM14249_20240522_091600.wav,15.0,18.0,9.509808
/media/kiwi/datasets/finalized/kaua2024a/PUAI_OS/OS-HPK-18_14266/Data/SMM14266_20240521_061600.wav,180.0,183.0,6.7656255
/media/kiwi/datasets/finalized/kaua2024a/PUAI_OS/OS-MOH-06_14249/Data/SMM14249_20240522_061600.wav,90.0,93.0,8.332232
/media/kiwi/datasets/finalized/kaua2024a/PUAI_OS/OS-HPK-20_14379/Data/SMM14379_20240515_161800.wav,174.0,177.0,2.0124264
/media/kiwi/datasets/finalized/kaua2024a/AKEK_grid/I8-0_11531/Data/SMM11531_20240502_162500.wav,0.0,3.0,11.253403
/media/kiwi/datasets/finalized/kaua2024a/AKEK_grid/C2-0_11798/Data/SMM11798_20240508_142200.wav,60.0,63.0,0.88979846
/media/kiwi/datasets/finalized/kaua2024a/AKEK_grid/B2-1-extra_11792/Data/SMM11792_20240606_171400.wav,147.0,150.0,10.540446
/media/kiwi/datasets/finalized/kaua2024a/AKEK_grid/I8-2-additional_11450/Data/SMM11450_20240429_132700.wav,198.0,201.0,9.988774
/media/kiwi/datasets/finalized/kaua2024a/AKEK_grid/I6-1_11426/Data/SMM11426_20240501_072600.wav,141.0,144.0,5.9692507
/media/kiwi/datasets/finalized/kaua2024a/AKEK_grid/I8-2-additional_11450/Data/SMM11450_20240515_161800.wav,39.0,42.0,10.881031
/media/kiwi/datasets/finalized/kaua2024a/PUAI_OS/OS-HPK-06_14268/Data/SMM14268_20240527_111500.wav,192.0,195.0,6.8809705
/media/kiwi/datasets/finalized/kaua2024a/AKEK_grid/D5-4_11471/Data/SMM11471_20240525_181500.wav,177.0,180.0,4.7758417
/media/kiwi/datasets/finalized/kaua2024a/AKEK_grid/A1-0_11883/Data/SMM11883_20240322_110000.wav,147.0,150.0,6.612574
/media/kiwi/datasets/finalized/kaua2024a/PUAI_OS/OS-HPK-18_14266/Data/SMM14266_20240410_154200.wav,9.0,12.0,4.613726
/media/kiwi/datasets/finalized/kaua2024a/AKEK_grid/D5-4_11471/Data/SMM11471_20240416_103700.wav,0.0,3.0,7.217068
/media/kiwi/datasets/finalized/kaua2024a/AKEK_grid/D5-4_11471/Data/SMM11471_20240319_070300.wav,213.0,216.0,9.32493
/media/kiwi/datasets/finalized/kaua2024a/AKEK_grid/A1-0_11883/Data/SMM11883_20240412_174100.wav,108.0,111.0,10.584079
/media/kiwi/datasets/finalized/kaua2024a/AKEK_grid/B2-1-extra_11792/Data/SMM11792_20240517_111800.wav,186.0,189.0,4.859116
/media/kiwi/datasets/finalized/kaua2024a/AKEK_grid/B2-1-extra_11792/Data/SMM11792_20240606_171400.wav,96.0,99.0,13.323757
/media/kiwi/datasets/finalized/kaua2024a/AKEK_grid/D4-4_11791/Data/SMM11791_20240429_162700.wav,6.0,9.0,9.604575
/media/kiwi/datasets/finalized/kaua2024a/AKEK_grid/C4-4-extra_11430/Data/SMM11430_20240528_161500.wav,78.0,81.0,10.431627
/media/kiwi/datasets/finalized/kaua2024a/AKEK_grid/A2-0_11869/Data/SMM11869_20240528_141500.wav,78.0,81.0,12.522957
/media/kiwi/datasets/finalized/kaua2024a/AKEK_grid/I7-0_11458/Data/SMM11458_20240426_052900.wav,81.0,84.0,9.912871
/media/kiwi/datasets/finalized/kaua2024a/PUAI_OS/OS-UUK-10_11859/Data/SMM11859_20240521_091600.wav,45.0,48.0,4.2876987
/media/kiwi/datasets/finalized/kaua2024a/AKEK_grid/I8-0_11531/Data/SMM11531_20240413_124000.wav,48.0,51.0,7.404009
/media/kiwi/datasets/finalized/kaua2024a/AKEK_grid/A1-0_11883/Data/SMM11883_20240322_110000.wav,93.0,96.0,11.751172
/media/kiwi/datasets/finalized/kaua2024a/AKEK_grid/C4-0_11457/Data/SMM11457_20240522_141600.wav,108.0,111.0,8.936762
/media/kiwi/datasets/finalized/kaua2024a/AKEK_grid/C2-0_11798/Data/SMM11798_20240523_111600.wav,39.0,42.0,5.0265636
/media/kiwi/datasets/finalized/kaua2024a/AKEK_grid/I7-0_11458/Data/SMM11458_20240428_082800.wav,45.0,48.0,14.247678
/media/kiwi/datasets/finalized/kaua2024a/AKEK_grid/I6-1_11426/Data/SMM11426_20240501_072600.wav,114.0,117.0,6.846069
/media/kiwi/datasets/finalized/kaua2024a/AKEK_grid/B2-0_11425/Data/SMM11425_20240420_093400.wav,147.0,150.0,6.9984627
/media/kiwi/datasets/finalized/kaua2024a/AKEK_grid/I8-2-additional_11450/Data/SMM11450_20240505_092300.wav,75.0,78.0,6.7384286
/media/kiwi/datasets/finalized/kaua2024a/AKEK_grid/C4-4-extra_11430/Data/SMM11430_20240528_161500.wav,63.0,66.0,7.581334
/media/kiwi/datasets/finalized/kaua2024a/AKEK_grid/B3-0_11550/Data/SMM11550_20240411_074100.wav,177.0,180.0,6.5500436
/media/kiwi/datasets/finalized/kaua2024a/AKEK_grid/C4-0_11457/Data/SMM11457_20240522_111600.wav,36.0,39.0,8.448703
/media/kiwi/datasets/finalized/kaua2024a/PUAI_OS/OS-UUK-10_11859/Data/SMM11859_20240517_181800.wav,114.0,117.0,2.0807111
/media/kiwi/datasets/finalized/kaua2024a/AKEK_grid/I8-0_11531/Data/SMM11531_20240413_124000.wav,81.0,84.0,8.650383
/media/kiwi/datasets/finalized/kaua2024a/PUAI_OS/OS-HPK-21_14351/Data/SMM14351_20240428_092800.wav,129.0,132.0,6.2581677
/media/kiwi/datasets/finalized/kaua2024a/PUAI_OS/OS-MOH-06_14249/Data/SMM14249_20240502_062500.wav,102.0,105.0,11.361521
/media/kiwi/datasets/finalized/kaua2024a/AKEK_grid/C4-0_11457/Data/SMM11457_20240522_111600.wav,138.0,141.0,10.096942
/media/kiwi/datasets/finalized/kaua2024a/PUAI_OS/OS-HPK-22_14269/Data/SMM14269_20240421_153300.wav,144.0,147.0,10.094682
/media/kiwi/datasets/finalized/kaua2024a/AKEK_grid/B2-0_11425/Data/SMM11425_20240519_141700.wav,129.0,132.0,8.2491865
/media/kiwi/datasets/finalized/kaua2024a/PUAI_OS/OS-HPK-16_14369/Data/SMM14369_20240430_142700.wav,3.0,6.0,7.1831717
/media/kiwi/datasets/finalized/kaua2024a/AKEK_grid/B2-1-extra_11792/Data/SMM11792_20240617_071500.wav,201.0,204.0,7.5642343
/media/kiwi/datasets/finalized/kaua2024a/AKEK_grid/C2-0_11798/Data/SMM11798_20240626_191700.wav,99.0,102.0,0.203256
/media/kiwi/datasets/finalized/kaua2024a/AKEK_grid/I6-1_11426/Data/SMM11426_20240415_183800.wav,90.0,93.0,16.290018
/media/kiwi/datasets/finalized/kaua2024a/PUAI_OS/OS-UUK-12_11890/Data/SMM11890_20240513_121900.wav,147.0,150.0,0.43223077
/media/kiwi/datasets/finalized/kaua2024a/PUAI_OS/OS-UUK-16_11863/Data/SMM11863_20240510_172100.wav,42.0,45.0,8.106582
/media/kiwi/datasets/finalized/kaua2024a/PUAI_OS/OS-HPK-06_14268/Data/SMM14268_20240522_091600.wav,177.0,180.0,9.088574
/media/kiwi/datasets/finalized/kaua2024a/AKEK_grid/A2-4_11918/Data/SMM11918_20240508_062200.wav,174.0,177.0,2.588629
/media/kiwi/datasets/finalized/kaua2024a/AKEK_grid/A2-4_11918/Data/SMM11918_20240514_181900.wav,102.0,105.0,5.4278436
/media/kiwi/datasets/finalized/kaua2024a/AKEK_grid/A2-4_11918/Data/SMM11918_20240514_181900.wav,111.0,114.0,1.6998973
/media/kiwi/datasets/finalized/kaua2024a/AKEK_grid/A2-4_11918/Data/SMM11918_20240608_191400.wav,21.0,24.0,-0.57121193
/media/kiwi/datasets/finalized/kaua2024a/AKEK_grid/A2-4_11918/Data/SMM11918_20240628_121800.wav,174.0,177.0,0.5285694
/media/kiwi/datasets/finalized/kaua2024a/AKEK_grid/A3-0_11423/Data/SMM11423_20240502_152600.wav,114.0,117.0,7.5346065
/media/kiwi/datasets/finalized/kaua2024a/AKEK_grid/A3-0_11423/Data/SMM11423_20240507_182300.wav,183.0,186.0,9.258437
/media/kiwi/datasets/finalized/kaua2024a/AKEK_grid/A3-0_11423/Data/SMM11423_20240508_162200.wav,81.0,84.0,3.5616252
/media/kiwi/datasets/finalized/kaua2024a/AKEK_grid/A3-0_11423/Data/SMM11423_20240510_182100.wav,165.0,168.0,1.1271524
/media/kiwi/datasets/finalized/kaua2024a/AKEK_grid/A3-0_11423/Data/SMM11423_20240607_111400.wav,231.0,234.0,-1.720689
/media/kiwi/datasets/finalized/kaua2024a/AKEK_grid/B1-0_11895/Data/SMM11895_20240606_091400.wav,18.0,21.0,2.115649
/media/kiwi/datasets/finalized/kaua2024a/AKEK_grid/B1-0_11895/Data/SMM11895_20240606_091400.wav,45.0,48.0,3.0204237
/media/kiwi/datasets/finalized/kaua2024a/AKEK_grid/B1-0_11895/Data/SMM11895_20240606_091400.wav,48.0,51.0,2.0627887
/media/kiwi/datasets/finalized/kaua2024a/AKEK_grid/B1-0_11895/Data/SMM11895_20240613_091500.wav,165.0,168.0,1.414268
/media/kiwi/datasets/finalized/kaua2024a/AKEK_grid/B1-0_11895/Data/SMM11895_20240613_091500.wav,171.0,174.0,2.505357
/media/kiwi/datasets/finalized/kaua2024a/AKEK_grid/B1-2_11867/Data/SMM11867_20240322_140000.wav,213.0,216.0,8.120687
/media/kiwi/datasets/finalized/kaua2024a/AKEK_grid/B1-2_11867/Data/SMM11867_20240402_095000.wav,207.0,210.0,10.890517
/media/kiwi/datasets/finalized/kaua2024a/AKEK_grid/B1-2_11867/Data/SMM11867_20240406_094600.wav,219.0,222.0,8.99923
/media/kiwi/datasets/finalized/kaua2024a/AKEK_grid/B1-2_11867/Data/SMM11867_20240408_134400.wav,162.0,165.0,9.403473
/media/kiwi/datasets/finalized/kaua2024a/AKEK_grid/B1-2_11867/Data/SMM11867_20240408_134400.wav,228.0,231.0,10.299583
/media/kiwi/datasets/finalized/kaua2024a/AKEK_grid/B3-4_11462/Data/SMM11462_20240329_165300.wav,147.0,150.0,10.413513
/media/kiwi/datasets/finalized/kaua2024a/AKEK_grid/B3-4_11462/Data/SMM11462_20240404_074800.wav,96.0,99.0,5.333024
/media/kiwi/datasets/finalized/kaua2024a/AKEK_grid/B3-4_11462/Data/SMM11462_20240404_074800.wav,102.0,105.0,9.1023
/media/kiwi/datasets/finalized/kaua2024a/AKEK_grid/B3-4_11462/Data/SMM11462_20240404_074800.wav,108.0,111.0,9.004461
/media/kiwi/datasets/finalized/kaua2024a/AKEK_grid/B3-4_11462/Data/SMM11462_20240404_074800.wav,114.0,117.0,8.846543
/media/kiwi/datasets/finalized/kaua2024a/AKEK_grid/B3-4_11462/Data/SMM11462_20240430_082700.wav,9.0,12.0,7.4257913
/media/kiwi/datasets/finalized/kaua2024a/AKEK_grid/B3-4_11462/Data/SMM11462_20240430_082700.wav,48.0,51.0,8.726836
/media/kiwi/datasets/finalized/kaua2024a/AKEK_grid/B4-0_11437/Data/SMM11437_20240329_135300.wav,189.0,192.0,5.650274
/media/kiwi/datasets/finalized/kaua2024a/AKEK_grid/B4-0_11437/Data/SMM11437_20240519_171700.wav,12.0,15.0,4.5322337
/media/kiwi/datasets/finalized/kaua2024a/AKEK_grid/B4-0_11437/Data/SMM11437_20240521_161600.wav,126.0,129.0,5.9426064
/media/kiwi/datasets/finalized/kaua2024a/AKEK_grid/B4-0_11437/Data/SMM11437_20240528_071500.wav,90.0,93.0,4.57501
/media/kiwi/datasets/finalized/kaua2024a/AKEK_grid/B4-0_11437/Data/SMM11437_20240529_181500.wav,204.0,207.0,5.5634437
/media/kiwi/datasets/finalized/kaua2024a/AKEK_grid/C2-0_11798/Data/SMM11798_20240523_111600.wav,21.0,24.0,6.8178706
/media/kiwi/datasets/finalized/kaua2024a/AKEK_grid/C2-0_11798/Data/SMM11798_20240611_151400.wav,216.0,219.0,2.2594967
/media/kiwi/datasets/finalized/kaua2024a/AKEK_grid/C3-4-extra_11431/Data/SMM11431_20240508_072200.wav,75.0,78.0,-0.1772332
/media/kiwi/datasets/finalized/kaua2024a/AKEK_grid/C3-4-extra_11431/Data/SMM11431_20240521_121600.wav,45.0,48.0,7.194037
/media/kiwi/datasets/finalized/kaua2024a/AKEK_grid/C3-4-extra_11431/Data/SMM11431_20240522_091600.wav,48.0,51.0,5.7354445
/media/kiwi/datasets/finalized/kaua2024a/AKEK_grid/C3-4-extra_11431/Data/SMM11431_20240522_091600.wav,114.0,117.0,3.861152
/media/kiwi/datasets/finalized/kaua2024a/AKEK_grid/C3-4-extra_11431/Data/SMM11431_20240608_141400.wav,204.0,207.0,0.15615173
/media/kiwi/datasets/finalized/kaua2024a/AKEK_grid/C4-4-extra_11430/Data/SMM11430_20240528_141500.wav,183.0,186.0,7.887112
/media/kiwi/datasets/finalized/kaua2024a/AKEK_grid/C5-0_11906/Data/SMM11906_20240412_114100.wav,138.0,141.0,3.7460356
/media/kiwi/datasets/finalized/kaua2024a/AKEK_grid/C5-0_11906/Data/SMM11906_20240506_122300.wav,90.0,93.0,7.924271
/media/kiwi/datasets/finalized/kaua2024a/AKEK_grid/C5-0_11906/Data/SMM11906_20240506_122300.wav,114.0,117.0,8.890899
/media/kiwi/datasets/finalized/kaua2024a/AKEK_grid/C5-0_11906/Data/SMM11906_20240512_102000.wav,204.0,207.0,7.1257625
/media/kiwi/datasets/finalized/kaua2024a/AKEK_grid/C5-2-extra_11445/Data/SMM11445_20240325_085700.wav,3.0,6.0,10.739375
/media/kiwi/datasets/finalized/kaua2024a/AKEK_grid/C5-2-extra_11445/Data/SMM11445_20240417_113600.wav,36.0,39.0,6.7642775
/media/kiwi/datasets/finalized/kaua2024a/AKEK_grid/C5-2-extra_11445/Data/SMM11445_20240429_102700.wav,159.0,162.0,7.2489038
/media/kiwi/datasets/finalized/kaua2024a/AKEK_grid/C5-2-extra_11445/Data/SMM11445_20240430_082700.wav,186.0,189.0,6.5756755
/media/kiwi/datasets/finalized/kaua2024a/AKEK_grid/C5-2-extra_11445/Data/SMM11445_20240507_112200.wav,69.0,72.0,8.434244
/media/kiwi/datasets/finalized/kaua2024a/AKEK_grid/D3-0_11534/Data/SMM11534_20240501_152600.wav,132.0,135.0,4.774771
/media/kiwi/datasets/finalized/kaua2024a/AKEK_grid/D3-0_11534/Data/SMM11534_20240502_182500.wav,66.0,69.0,8.109373
/media/kiwi/datasets/finalized/kaua2024a/AKEK_grid/D3-0_11534/Data/SMM11534_20240528_091500.wav,219.0,222.0,8.830588
/media/kiwi/datasets/finalized/kaua2024a/AKEK_grid/D3-0_11534/Data/SMM11534_20240529_141500.wav,57.0,60.0,5.725345
/media/kiwi/datasets/finalized/kaua2024a/AKEK_grid/D3-0_11534/Data/SMM11534_20240606_111400.wav,93.0,96.0,2.5330226
/media/kiwi/datasets/finalized/kaua2024a/AKEK_grid/D3-4-additional_11429/Data/SMM11429_20240501_072600.wav,162.0,165.0,13.463098
/media/kiwi/datasets/finalized/kaua2024a/AKEK_grid/D3-4-additional_11429/Data/SMM11429_20240501_072600.wav,171.0,174.0,8.823015
/media/kiwi/datasets/finalized/kaua2024a/AKEK_grid/D3-4-additional_11429/Data/SMM11429_20240501_172600.wav,126.0,129.0,5.061506
/media/kiwi/datasets/finalized/kaua2024a/AKEK_grid/D3-4-additional_11429/Data/SMM11429_20240501_172600.wav,138.0,141.0,5.5382376
/media/kiwi/datasets/finalized/kaua2024a/AKEK_grid/D3-4-additional_11429/Data/SMM11429_20240509_142100.wav,9.0,12.0,4.101935
/media/kiwi/datasets/finalized/kaua2024a/AKEK_grid/D4-0_11915/Data/SMM11915_20240313_150800.wav,222.0,225.0,7.3196864
/media/kiwi/datasets/finalized/kaua2024a/AKEK_grid/D4-0_11915/Data/SMM11915_20240430_062700.wav,183.0,186.0,5.8169246
/media/kiwi/datasets/finalized/kaua2024a/AKEK_grid/D4-0_11915/Data/SMM11915_20240430_072700.wav,225.0,228.0,5.747486
/media/kiwi/datasets/finalized/kaua2024a/AKEK_grid/D4-0_11915/Data/SMM11915_20240523_141600.wav,129.0,132.0,9.864865
/media/kiwi/datasets/finalized/kaua2024a/AKEK_grid/D4-0_11915/Data/SMM11915_20240526_161500.wav,117.0,120.0,9.365997
/media/kiwi/datasets/finalized/kaua2024a/AKEK_grid/D4-4_11791/Data/SMM11791_20240410_124200.wav,201.0,204.0,7.153144
/media/kiwi/datasets/finalized/kaua2024a/AKEK_grid/D4-4_11791/Data/SMM11791_20240502_082500.wav,108.0,111.0,7.525508
/media/kiwi/datasets/finalized/kaua2024a/AKEK_grid/D4-4_11791/Data/SMM11791_20240502_082500.wav,126.0,129.0,11.779517
/media/kiwi/datasets/finalized/kaua2024a/AKEK_grid/D4-4_11791/Data/SMM11791_20240520_181700.wav,153.0,156.0,6.802937
/media/kiwi/datasets/finalized/kaua2024a/AKEK_grid/D5-0_11442/Data/SMM11442_20240325_095700.wav,198.0,201.0,4.782304
/media/kiwi/datasets/finalized/kaua2024a/AKEK_grid/D5-0_11442/Data/SMM11442_20240511_132000.wav,228.0,231.0,2.7528217
/media/kiwi/datasets/finalized/kaua2024a/AKEK_grid/D5-0_11442/Data/SMM11442_20240511_132000.wav,231.0,234.0,7.410893
/media/kiwi/datasets/finalized/kaua2024a/AKEK_grid/D5-0_11442/Data/SMM11442_20240514_091900.wav,219.0,222.0,-0.97143704
/media/kiwi/datasets/finalized/kaua2024a/AKEK_grid/D5-0_11442/Data/SMM11442_20240530_161400.wav,33.0,36.0,9.778647
/media/kiwi/datasets/finalized/kaua2024a/AKEK_grid/D6-0_11879/Data/SMM11879_20240509_102100.wav,3.0,6.0,3.7549696
/media/kiwi/datasets/finalized/kaua2024a/AKEK_grid/D6-0_11879/Data/SMM11879_20240513_081900.wav,60.0,63.0,1.9395039
/media/kiwi/datasets/finalized/kaua2024a/AKEK_grid/D6-0_11879/Data/SMM11879_20240513_081900.wav,195.0,198.0,6.1615467
/media/kiwi/datasets/finalized/kaua2024a/AKEK_grid/D6-0_11879/Data/SMM11879_20240606_101400.wav,147.0,150.0,1.1100687
/media/kiwi/datasets/finalized/kaua2024a/AKEK_grid/D6-0_11879/Data/SMM11879_20240606_101400.wav,210.0,213.0,8.459557
/media/kiwi/datasets/finalized/kaua2024a/AKEK_grid/D6-2-additional_11923/Data/SMM11923_20240321_080100.wav,201.0,204.0,10.018637
/media/kiwi/datasets/finalized/kaua2024a/AKEK_grid/D6-2-additional_11923/Data/SMM11923_20240421_073300.wav,219.0,222.0,9.474229
/media/kiwi/datasets/finalized/kaua2024a/AKEK_grid/D6-2-additional_11923/Data/SMM11923_20240421_073300.wav,225.0,228.0,6.8319945
/media/kiwi/datasets/finalized/kaua2024a/AKEK_grid/D6-2-additional_11923/Data/SMM11923_20240520_191700.wav,72.0,75.0,5.6135287
/media/kiwi/datasets/finalized/kaua2024a/AKEK_grid/D6-2-additional_11923/Data/SMM11923_20240521_061600.wav,15.0,18.0,3.3934495
/media/kiwi/datasets/finalized/kaua2024a/AKEK_grid/E5-0_11439/Data/SMM11439_20240508_122200.wav,45.0,48.0,-0.5725085
/media/kiwi/datasets/finalized/kaua2024a/AKEK_grid/E5-0_11439/Data/SMM11439_20240522_141600.wav,72.0,75.0,5.031337
/media/kiwi/datasets/finalized/kaua2024a/AKEK_grid/E5-0_11439/Data/SMM11439_20240522_141600.wav,75.0,78.0,6.2868075
/media/kiwi/datasets/finalized/kaua2024a/AKEK_grid/E5-0_11439/Data/SMM11439_20240524_111600.wav,219.0,222.0,3.8154833
/media/kiwi/datasets/finalized/kaua2024a/AKEK_grid/E5-0_11439/Data/SMM11439_20240526_131500.wav,198.0,201.0,13.758307
/media/kiwi/datasets/finalized/kaua2024a/AKEK_grid/E5-1_11797/Data/SMM11797_20240428_142800.wav,207.0,210.0,13.453563
/media/kiwi/datasets/finalized/kaua2024a/AKEK_grid/E5-1_11797/Data/SMM11797_20240430_092700.wav,105.0,108.0,13.846214
/media/kiwi/datasets/finalized/kaua2024a/AKEK_grid/E5-1_11797/Data/SMM11797_20240430_092700.wav,138.0,141.0,8.210147
/media/kiwi/datasets/finalized/kaua2024a/AKEK_grid/E5-1_11797/Data/SMM11797_20240519_131700.wav,69.0,72.0,14.455352
/media/kiwi/datasets/finalized/kaua2024a/AKEK_grid/E5-1_11797/Data/SMM11797_20240522_101600.wav,114.0,117.0,12.198342
/media/kiwi/datasets/finalized/kaua2024a/AKEK_grid/E6-0_11800/Data/SMM11800_20240326_105600.wav,132.0,135.0,10.813576
/media/kiwi/datasets/finalized/kaua2024a/AKEK_grid/E6-0_11800/Data/SMM11800_20240429_122700.wav,168.0,171.0,13.743577
/media/kiwi/datasets/finalized/kaua2024a/AKEK_grid/E6-0_11800/Data/SMM11800_20240510_162100.wav,138.0,141.0,13.05224
/media/kiwi/datasets/finalized/kaua2024a/AKEK_grid/E6-0_11800/Data/SMM11800_20240605_161400.wav,162.0,165.0,8.806647
/media/kiwi/datasets/finalized/kaua2024a/AKEK_grid/E6-0_11800/Data/SMM11800_20240605_161400.wav,168.0,171.0,10.535768
/media/kiwi/datasets/finalized/kaua2024a/AKEK_grid/E6-3_11851/Data/SMM11851_20240311_151000.wav,45.0,48.0,2.605891
/media/kiwi/datasets/finalized/kaua2024a/AKEK_grid/E6-3_11851/Data/SMM11851_20240512_162000.wav,225.0,228.0,15.025861
/media/kiwi/datasets/finalized/kaua2024a/AKEK_grid/E6-3_11851/Data/SMM11851_20240512_162000.wav,234.0,237.0,13.72866
/media/kiwi/datasets/finalized/kaua2024a/AKEK_grid/E6-3_11851/Data/SMM11851_20240519_181700.wav,159.0,162.0,11.948008
/media/kiwi/datasets/finalized/kaua2024a/AKEK_grid/E6-3_11851/Data/SMM11851_20240519_181700.wav,201.0,204.0,14.248031
/media/kiwi/datasets/finalized/kaua2024a/AKEK_grid/E7-0_11847/Data/SMM11847_20240502_122500.wav,162.0,165.0,2.954325
/media/kiwi/datasets/finalized/kaua2024a/AKEK_grid/E7-0_11847/Data/SMM11847_20240502_122500.wav,216.0,219.0,4.932998
/media/kiwi/datasets/finalized/kaua2024a/AKEK_grid/E7-0_11847/Data/SMM11847_20240523_131600.wav,123.0,126.0,4.197332
/media/kiwi/datasets/finalized/kaua2024a/AKEK_grid/E7-0_11847/Data/SMM11847_20240523_131600.wav,135.0,138.0,3.1446724
/media/kiwi/datasets/finalized/kaua2024a/AKEK_grid/E7-0_11847/Data/SMM11847_20240523_131600.wav,147.0,150.0,3.642901
/media/kiwi/datasets/finalized/kaua2024a/AKEK_grid/E7-2-extra_11917/Data/SMM11917_20240416_133700.wav,150.0,153.0,6.4531035
/media/kiwi/datasets/finalized/kaua2024a/AKEK_grid/E7-2-extra_11917/Data/SMM11917_20240501_122600.wav,3.0,6.0,8.715505
/media/kiwi/datasets/finalized/kaua2024a/AKEK_grid/E7-2-extra_11917/Data/SMM11917_20240502_162500.wav,102.0,105.0,6.613119
/media/kiwi/datasets/finalized/kaua2024a/AKEK_grid/E7-2-extra_11917/Data/SMM11917_20240612_121400.wav,99.0,102.0,0.27678823
/media/kiwi/datasets/finalized/kaua2024a/AKEK_grid/E7-2-extra_11917/Data/SMM11917_20240616_161500.wav,198.0,201.0,5.8610005
/media/kiwi/datasets/finalized/kaua2024a/AKEK_grid/E7-2_11912/Data/SMM11912_20240502_140500.wav,1140.0,1143.0,8.0146
/media/kiwi/datasets/finalized/kaua2024a/AKEK_grid/E7-2_11912/Data/SMM11912_20240502_160500.wav,1668.0,1671.0,4.944362
/media/kiwi/datasets/finalized/kaua2024a/AKEK_grid/E7-2_11912/Data/SMM11912_20240502_170500.wav,219.0,222.0,7.677888
/media/kiwi/datasets/finalized/kaua2024a/AKEK_grid/E7-2_11912/Data/SMM11912_20240503_060500.wav,1890.0,1893.0,4.66652
/media/kiwi/datasets/finalized/kaua2024a/AKEK_grid/E7-2_11912/Data/SMM11912_20240503_140500.wav,2265.0,2268.0,9.798673
/media/kiwi/datasets/finalized/kaua2024a/AKEK_grid/F5-0_11857/Data/SMM11857_20240528_151500.wav,180.0,183.0,2.29068
/media/kiwi/datasets/finalized/kaua2024a/AKEK_grid/F5-0_11857/Data/SMM11857_20240528_151500.wav,222.0,225.0,1.7735327
/media/kiwi/datasets/finalized/kaua2024a/AKEK_grid/F5-0_11857/Data/SMM11857_20240628_181800.wav,204.0,207.0,-1.1777312
/media/kiwi/datasets/finalized/kaua2024a/AKEK_grid/F5-0_11857/Data/SMM11857_20240718_082500.wav,117.0,120.0,6.075764
/media/kiwi/datasets/finalized/kaua2024a/AKEK_grid/F5-0_11857/Data/SMM11857_20240725_102800.wav,177.0,180.0,-1.0231524
/media/kiwi/datasets/finalized/kaua2024a/AKEK_grid/F5-4_11910/Data/SMM11910_20240520_121700.wav,201.0,204.0,9.184682
/media/kiwi/datasets/finalized/kaua2024a/AKEK_grid/F5-4_11910/Data/SMM11910_20240520_121700.wav,204.0,207.0,3.7755325
/media/kiwi/datasets/finalized/kaua2024a/AKEK_grid/F5-4_11910/Data/SMM11910_20240524_101600.wav,228.0,231.0,1.0687995
/media/kiwi/datasets/finalized/kaua2024a/AKEK_grid/F5-4_11910/Data/SMM11910_20240529_151500.wav,96.0,99.0,3.1592562
/media/kiwi/datasets/finalized/kaua2024a/AKEK_grid/F5-4_11910/Data/SMM11910_20240530_081400.wav,69.0,72.0,-0.93601245
/media/kiwi/datasets/finalized/kaua2024a/AKEK_grid/F6-0_11794/Data/SMM11794_20240527_151500.wav,186.0,189.0,2.6817555
/media/kiwi/datasets/finalized/kaua2024a/AKEK_grid/F6-0_11794/Data/SMM11794_20240528_091500.wav,129.0,132.0,5.5813956
/media/kiwi/datasets/finalized/kaua2024a/AKEK_grid/F6-0_11794/Data/SMM11794_20240604_171400.wav,21.0,24.0,-1.7282044
/media/kiwi/datasets/finalized/kaua2024a/AKEK_grid/F6-0_11794/Data/SMM11794_20240605_121400.wav,12.0,15.0,6.2589264
/media/kiwi/datasets/finalized/kaua2024a/AKEK_grid/F6-0_11794/Data/SMM11794_20240606_141400.wav,81.0,84.0,7.3414974
/media/kiwi/datasets/finalized/kaua2024a/AKEK_grid/F7-0_11920/Data/SMM11920_20240503_132500.wav,60.0,63.0,5.5591784
/media/kiwi/datasets/finalized/kaua2024a/AKEK_grid/F7-0_11920/Data/SMM11920_20240509_172100.wav,189.0,192.0,8.331534
/media/kiwi/datasets/finalized/kaua2024a/AKEK_grid/F7-0_11920/Data/SMM11920_20240510_092100.wav,42.0,45.0,7.710365
/media/kiwi/datasets/finalized/kaua2024a/AKEK_grid/F7-0_11920/Data/SMM11920_20240520_161700.wav,84.0,87.0,8.727277
/media/kiwi/datasets/finalized/kaua2024a/AKEK_grid/F7-0_11920/Data/SMM11920_20240607_171400.wav,210.0,213.0,0.8751047
/media/kiwi/datasets/finalized/kaua2024a/AKEK_grid/F7-2-extra_11455/Data/SMM11455_20240520_091700.wav,18.0,21.0,6.5028167
/media/kiwi/datasets/finalized/kaua2024a/AKEK_grid/F7-2-extra_11455/Data/SMM11455_20240520_091700.wav,24.0,27.0,6.9267597
/media/kiwi/datasets/finalized/kaua2024a/AKEK_grid/F7-2-extra_11455/Data/SMM11455_20240605_101400.wav,189.0,192.0,2.5003688
/media/kiwi/datasets/finalized/kaua2024a/AKEK_grid/F7-2-extra_11455/Data/SMM11455_20240619_061500.wav,153.0,156.0,8.5601015
/media/kiwi/datasets/finalized/kaua2024a/AKEK_grid/F7-2-extra_11455/Data/SMM11455_20240619_121500.wav,189.0,192.0,-0.91432565
/media/kiwi/datasets/finalized/kaua2024a/AKEK_grid/F8-0_11855/Data/SMM11855_20240404_134800.wav,231.0,234.0,4.748281
/media/kiwi/datasets/finalized/kaua2024a/AKEK_grid/F8-0_11855/Data/SMM11855_20240429_102800.wav,180.0,183.0,5.3023887
/media/kiwi/datasets/finalized/kaua2024a/AKEK_grid/F8-0_11855/Data/SMM11855_20240429_102800.wav,186.0,189.0,12.507855
/media/kiwi/datasets/finalized/kaua2024a/AKEK_grid/F8-0_11855/Data/SMM11855_20240429_102800.wav,192.0,195.0,7.304084
/media/kiwi/datasets/finalized/kaua2024a/AKEK_grid/F8-0_11855/Data/SMM11855_20240429_102800.wav,195.0,198.0,1.7144845
/media/kiwi/datasets/finalized/kaua2024a/AKEK_grid/F8-2_11868/Data/SMM11868_20240514_081900.wav,183.0,186.0,9.232699
/media/kiwi/datasets/finalized/kaua2024a/AKEK_grid/F8-2_11868/Data/SMM11868_20240528_061500.wav,141.0,144.0,6.0818048
/media/kiwi/datasets/finalized/kaua2024a/AKEK_grid/F8-2_11868/Data/SMM11868_20240603_161400.wav,216.0,219.0,7.341045
/media/kiwi/datasets/finalized/kaua2024a/AKEK_grid/F8-2_11868/Data/SMM11868_20240607_121400.wav,180.0,183.0,3.6468837
/media/kiwi/datasets/finalized/kaua2024a/AKEK_grid/F8-2_11868/Data/SMM11868_20240607_121400.wav,186.0,189.0,4.097048
/media/kiwi/datasets/finalized/kaua2024a/AKEK_grid/G5-0_11460/Data/SMM11460_20240521_121600.wav,78.0,81.0,1.0576609
/media/kiwi/datasets/finalized/kaua2024a/AKEK_grid/G5-0_11460/Data/SMM11460_20240524_091600.wav,51.0,54.0,2.930539
/media/kiwi/datasets/finalized/kaua2024a/AKEK_grid/G5-0_11460/Data/SMM11460_20240602_121400.wav,114.0,117.0,-0.7459913
/media/kiwi/datasets/finalized/kaua2024a/AKEK_grid/G5-0_11460/Data/SMM11460_20240703_071900.wav,216.0,219.0,0.10332058
/media/kiwi/datasets/finalized/kaua2024a/AKEK_grid/G5-0_11460/Data/SMM11460_20240804_113200.wav,189.0,192.0,-1.8436154
/media/kiwi/datasets/finalized/kaua2024a/AKEK_grid/G5-4_11463/Data/SMM11463_20240416_143700.wav,171.0,174.0,-1.9907458
/media/kiwi/datasets/finalized/kaua2024a/AKEK_grid/G5-4_11463/Data/SMM11463_20240524_161600.wav,195.0,198.0,4.489201
/media/kiwi/datasets/finalized/kaua2024a/AKEK_grid/G5-4_11463/Data/SMM11463_20240619_101500.wav,237.0,240.0,2.6509411
/media/kiwi/datasets/finalized/kaua2024a/AKEK_grid/G5-4_11463/Data/SMM11463_20240705_132000.wav,93.0,96.0,0.61189014
/media/kiwi/datasets/finalized/kaua2024a/AKEK_grid/G5-4_11463/Data/SMM11463_20240805_093200.wav,165.0,168.0,0.40703493
/media/kiwi/datasets/finalized/kaua2024a/AKEK_grid/G6-0_11452/Data/SMM11452_20240412_184100.wav,138.0,141.0,5.4670973
/media/kiwi/datasets/finalized/kaua2024a/AKEK_grid/G6-0_11452/Data/SMM11452_20240428_142800.wav,33.0,36.0,7.4827933
/media/kiwi/datasets/finalized/kaua2024a/AKEK_grid/G6-0_11452/Data/SMM11452_20240511_112000.wav,87.0,90.0,13.99628
/media/kiwi/datasets/finalized/kaua2024a/AKEK_grid/G6-0_11452/Data/SMM11452_20240524_111600.wav,42.0,45.0,5.9702816
/media/kiwi/datasets/finalized/kaua2024a/AKEK_grid/G6-0_11452/Data/SMM11452_20240526_101500.wav,231.0,234.0,11.8530245
/media/kiwi/datasets/finalized/kaua2024a/AKEK_grid/G6-4_11432/Data/SMM11432_20240416_123700.wav,63.0,66.0,6.8259788
/media/kiwi/datasets/finalized/kaua2024a/AKEK_grid/G6-4_11432/Data/SMM11432_20240422_183200.wav,51.0,54.0,5.212317
/media/kiwi/datasets/finalized/kaua2024a/AKEK_grid/G6-4_11432/Data/SMM11432_20240422_183200.wav,54.0,57.0,3.555363
/media/kiwi/datasets/finalized/kaua2024a/AKEK_grid/G6-4_11432/Data/SMM11432_20240422_183200.wav,72.0,75.0,5.7916923
/media/kiwi/datasets/finalized/kaua2024a/AKEK_grid/G6-4_11432/Data/SMM11432_20240429_122700.wav,48.0,51.0,3.4874725
/media/kiwi/datasets/finalized/kaua2024a/AKEK_grid/G7-0_11453/Data/SMM11453_20240422_073200.wav,117.0,120.0,8.494311
/media/kiwi/datasets/finalized/kaua2024a/AKEK_grid/G7-0_11453/Data/SMM11453_20240422_073200.wav,120.0,123.0,9.181954
/media/kiwi/datasets/finalized/kaua2024a/AKEK_grid/G7-0_11453/Data/SMM11453_20240507_152200.wav,123.0,126.0,9.576155
/media/kiwi/datasets/finalized/kaua2024a/AKEK_grid/G7-0_11453/Data/SMM11453_20240606_161400.wav,126.0,129.0,4.9710608
/media/kiwi/datasets/finalized/kaua2024a/AKEK_grid/G7-0_11453/Data/SMM11453_20240606_161400.wav,135.0,138.0,13.66645
/media/kiwi/datasets/finalized/kaua2024a/AKEK_grid/G8-0_11908/Data/SMM11908_20240428_132800.wav,120.0,123.0,4.2045064
/media/kiwi/datasets/finalized/kaua2024a/AKEK_grid/G8-0_11908/Data/SMM11908_20240521_181600.wav,0.0,3.0,11.834733
/media/kiwi/datasets/finalized/kaua2024a/AKEK_grid/G8-0_11908/Data/SMM11908_20240611_151400.wav,69.0,72.0,5.051523
/media/kiwi/datasets/finalized/kaua2024a/AKEK_grid/G9-0_11444/Data/SMM11444_20240430_112600.wav,132.0,135.0,10.5064945
/media/kiwi/datasets/finalized/kaua2024a/AKEK_grid/G9-0_11444/Data/SMM11444_20240524_131500.wav,189.0,192.0,9.840756
/media/kiwi/datasets/finalized/kaua2024a/AKEK_grid/G9-0_11444/Data/SMM11444_20240526_141500.wav,3.0,6.0,5.7615743
/media/kiwi/datasets/finalized/kaua2024a/AKEK_grid/G9-0_11444/Data/SMM11444_20240607_111400.wav,69.0,72.0,9.145497
/media/kiwi/datasets/finalized/kaua2024a/AKEK_grid/G9-0_11444/Data/SMM11444_20240607_111400.wav,186.0,189.0,7.27222
/media/kiwi/datasets/finalized/kaua2024a/AKEK_grid/H10-0_11438/Data/SMM11438_20240416_143700.wav,90.0,93.0,-1.0666747
/media/kiwi/datasets/finalized/kaua2024a/AKEK_grid/H10-0_11438/Data/SMM11438_20240606_141400.wav,153.0,156.0,-5.5965657
/media/kiwi/datasets/finalized/kaua2024a/AKEK_grid/H6-0_11434/Data/SMM11434_20240416_103700.wav,177.0,180.0,7.9628043
/media/kiwi/datasets/finalized/kaua2024a/AKEK_grid/H6-0_11434/Data/SMM11434_20240417_083600.wav,189.0,192.0,5.651601
/media/kiwi/datasets/finalized/kaua2024a/AKEK_grid/H6-0_11434/Data/SMM11434_20240608_121400.wav,75.0,78.0,4.9868064
/media/kiwi/datasets/finalized/kaua2024a/AKEK_grid/H6-4_11454/Data/SMM11454_20240604_131400.wav,3.0,6.0,6.4303885
/media/kiwi/datasets/finalized/kaua2024a/AKEK_grid/H6-4_11454/Data/SMM11454_20240605_101400.wav,228.0,231.0,8.229819
/media/kiwi/datasets/finalized/kaua2024a/AKEK_grid/H6-4_11454/Data/SMM11454_20240605_121400.wav,42.0,45.0,6.4217153
/media/kiwi/datasets/finalized/kaua2024a/AKEK_grid/H6-4_11454/Data/SMM11454_20240605_121400.wav,45.0,48.0,7.5704136
/media/kiwi/datasets/finalized/kaua2024a/AKEK_grid/H6-4_11454/Data/SMM11454_20240608_141400.wav,129.0,132.0,7.958488
/media/kiwi/datasets/finalized/kaua2024a/AKEK_grid/H7-0_11456/Data/SMM11456_20240329_115300.wav,99.0,102.0,-1.3131113
/media/kiwi/datasets/finalized/kaua2024a/AKEK_grid/H7-0_11456/Data/SMM11456_20240331_125100.wav,69.0,72.0,3.338883
/media/kiwi/datasets/finalized/kaua2024a/AKEK_grid/H7-0_11456/Data/SMM11456_20240427_152900.wav,51.0,54.0,3.0556264
/media/kiwi/datasets/finalized/kaua2024a/AKEK_grid/H7-0_11456/Data/SMM11456_20240430_132700.wav,99.0,102.0,3.8096402
/media/kiwi/datasets/finalized/kaua2024a/AKEK_grid/H7-0_11456/Data/SMM11456_20240605_151400.wav,138.0,141.0,4.836958
/media/kiwi/datasets/finalized/kaua2024a/AKEK_grid/H7-3_11436/Data/SMM11436_20240413_084000.wav,231.0,234.0,6.06485
/media/kiwi/datasets/finalized/kaua2024a/AKEK_grid/H7-3_11436/Data/SMM11436_20240420_063400.wav,36.0,39.0,6.522125
/media/kiwi/datasets/finalized/kaua2024a/AKEK_grid/H7-3_11436/Data/SMM11436_20240426_172900.wav,216.0,219.0,6.243295
/media/kiwi/datasets/finalized/kaua2024a/AKEK_grid/H7-3_11436/Data/SMM11436_20240528_181500.wav,222.0,225.0,6.942741
/media/kiwi/datasets/finalized/kaua2024a/AKEK_grid/H7-3_11436/Data/SMM11436_20240604_151400.wav,18.0,21.0,4.974603
/media/kiwi/datasets/finalized/kaua2024a/AKEK_grid/H8-0_11446/Data/SMM11446_20240502_112500.wav,126.0,129.0,10.747747
/media/kiwi/datasets/finalized/kaua2024a/AKEK_grid/H8-0_11446/Data/SMM11446_20240502_112500.wav,132.0,135.0,11.904646
/media/kiwi/datasets/finalized/kaua2024a/AKEK_grid/H8-0_11446/Data/SMM11446_20240502_112500.wav,150.0,153.0,6.7094617
/media/kiwi/datasets/finalized/kaua2024a/AKEK_grid/H8-0_11446/Data/SMM11446_20240502_152500.wav,30.0,33.0,8.954
/media/kiwi/datasets/finalized/kaua2024a/AKEK_grid/H8-0_11446/Data/SMM11446_20240529_131400.wav,225.0,228.0,11.65432
/media/kiwi/datasets/finalized/kaua2024a/AKEK_grid/H8-4-additional_11467/Data/SMM11467_20240412_134000.wav,30.0,33.0,12.6302595
/media/kiwi/datasets/finalized/kaua2024a/AKEK_grid/H8-4-additional_11467/Data/SMM11467_20240509_072100.wav,36.0,39.0,13.071639
/media/kiwi/datasets/finalized/kaua2024a/AKEK_grid/H8-4-additional_11467/Data/SMM11467_20240517_131800.wav,6.0,9.0,8.402876
/media/kiwi/datasets/finalized/kaua2024a/AKEK_grid/H8-4-additional_11467/Data/SMM11467_20240607_111400.wav,201.0,204.0,12.956727
/media/kiwi/datasets/finalized/kaua2024a/AKEK_grid/H8-4-additional_11467/Data/SMM11467_20240607_111400.wav,225.0,228.0,14.911702
/media/kiwi/datasets/finalized/kaua2024a/AKEK_grid/H9-3-additional_11524/Data/SMM11524_20240513_091900.wav,186.0,189.0,5.9683576
/media/kiwi/datasets/finalized/kaua2024a/AKEK_grid/H9-3-additional_11524/Data/SMM11524_20240513_091900.wav,189.0,192.0,4.6823044
/media/kiwi/datasets/finalized/kaua2024a/AKEK_grid/H9-3-additional_11524/Data/SMM11524_20240605_071400.wav,102.0,105.0,7.6971946
/media/kiwi/datasets/finalized/kaua2024a/AKEK_grid/H9-3-additional_11524/Data/SMM11524_20240605_141400.wav,120.0,123.0,2.00734
/media/kiwi/datasets/finalized/kaua2024a/AKEK_grid/H9-3-additional_11524/Data/SMM11524_20240610_071400.wav,21.0,24.0,5.054237
/media/kiwi/datasets/finalized/kaua2024a/AKEK_grid/I6-0_11466/Data/SMM11466_20240410_174200.wav,63.0,66.0,2.3180602
/media/kiwi/datasets/finalized/kaua2024a/AKEK_grid/I6-0_11466/Data/SMM11466_20240602_141400.wav,6.0,9.0,7.503761
/media/kiwi/datasets/finalized/kaua2024a/AKEK_grid/I6-0_11466/Data/SMM11466_20240602_141400.wav,120.0,123.0,0.8021859
/media/kiwi/datasets/finalized/kaua2024a/AKEK_grid/I6-0_11466/Data/SMM11466_20240603_171400.wav,60.0,63.0,2.4193306
/media/kiwi/datasets/finalized/kaua2024a/AKEK_grid/I6-0_11466/Data/SMM11466_20240605_091400.wav,81.0,84.0,0.11418511
/media/kiwi/datasets/finalized/kaua2024a/AKEK_grid/I7-0_11458/Data/SMM11458_20240408_154400.wav,42.0,45.0,15.089899
/media/kiwi/datasets/finalized/kaua2024a/AKEK_grid/I7-0_11458/Data/SMM11458_20240408_154400.wav,57.0,60.0,13.938029
/media/kiwi/datasets/finalized/kaua2024a/AKEK_grid/I7-3_11447/Data/SMM11447_20240416_093700.wav,72.0,75.0,4.2603083
/media/kiwi/datasets/finalized/kaua2024a/AKEK_grid/I7-3_11447/Data/SMM11447_20240416_093700.wav,75.0,78.0,5.336918
/media/kiwi/datasets/finalized/kaua2024a/AKEK_grid/I7-3_11447/Data/SMM11447_20240522_141600.wav,63.0,66.0,2.594536
/media/kiwi/datasets/finalized/kaua2024a/AKEK_grid/I7-3_11447/Data/SMM11447_20240602_131400.wav,69.0,72.0,2.3713849
/media/kiwi/datasets/finalized/kaua2024a/AKEK_grid/I7-3_11447/Data/SMM11447_20240605_131400.wav,237.0,240.0,-4.762309
/media/kiwi/datasets/finalized/kaua2024a/AKEK_grid/I8-0_11531/Data/SMM11531_20240417_123600.wav,237.0,240.0,10.7965555
/media/kiwi/datasets/finalized/kaua2024a/AKEK_grid/I9-0_11461/Data/SMM11461_20240417_183600.wav,21.0,24.0,8.242183
/media/kiwi/datasets/finalized/kaua2024a/AKEK_grid/I9-0_11461/Data/SMM11461_20240417_183600.wav,135.0,138.0,13.901493
/media/kiwi/datasets/finalized/kaua2024a/AKEK_grid/I9-0_11461/Data/SMM11461_20240417_183600.wav,198.0,201.0,12.094201
/media/kiwi/datasets/finalized/kaua2024a/AKEK_grid/I9-0_11461/Data/SMM11461_20240512_182000.wav,9.0,12.0,11.610543
/media/kiwi/datasets/finalized/kaua2024a/AKEK_grid/I9-0_11461/Data/SMM11461_20240519_161700.wav,138.0,141.0,5.667603
/media/kiwi/datasets/finalized/kaua2024a/AKEK_grid/I9-2_11428/Data/SMM11428_20240429_082700.wav,192.0,195.0,9.591546
/media/kiwi/datasets/finalized/kaua2024a/AKEK_grid/I9-2_11428/Data/SMM11428_20240430_132700.wav,48.0,51.0,9.592122
/media/kiwi/datasets/finalized/kaua2024a/AKEK_grid/I9-2_11428/Data/SMM11428_20240504_082400.wav,9.0,12.0,9.790266
/media/kiwi/datasets/finalized/kaua2024a/AKEK_grid/I9-2_11428/Data/SMM11428_20240510_192100.wav,54.0,57.0,8.572183
/media/kiwi/datasets/finalized/kaua2024a/AKEK_grid/I9-2_11428/Data/SMM11428_20240524_091500.wav,237.0,240.0,11.286132
/media/kiwi/datasets/finalized/kaua2024a/PUAI_OS/OS-HH-01_14288/Data/SMM14288_20240522_151600.wav,69.0,72.0,9.426835
/media/kiwi/datasets/finalized/kaua2024a/PUAI_OS/OS-HH-05_11864/Data/SMM11864_20240520_091700.wav,12.0,15.0,9.058143
/media/kiwi/datasets/finalized/kaua2024a/PUAI_OS/OS-HH-05_11864/Data/SMM11864_20240520_091700.wav,48.0,51.0,6.683595
/media/kiwi/datasets/finalized/kaua2024a/PUAI_OS/OS-HH-05_11864/Data/SMM11864_20240520_091700.wav,120.0,123.0,7.995394
/media/kiwi/datasets/finalized/kaua2024a/PUAI_OS/OS-HH-05_11864/Data/SMM11864_20240520_091700.wav,237.0,240.0,4.3065577
/media/kiwi/datasets/finalized/kaua2024a/PUAI_OS/OS-HH-05_11864/Data/SMM11864_20240617_161500.wav,192.0,195.0,11.712485
/media/kiwi/datasets/finalized/kaua2024a/PUAI_OS/OS-HH-07_14352/Data/SMM14352_20240521_171700.wav,228.0,231.0,9.81343
/media/kiwi/datasets/finalized/kaua2024a/PUAI_OS/OS-HH-07_14352/Data/SMM14352_20240522_091600.wav,114.0,117.0,13.315457
/media/kiwi/datasets/finalized/kaua2024a/PUAI_OS/OS-HH-07_14352/Data/SMM14352_20240527_101500.wav,24.0,27.0,8.270913
/media/kiwi/datasets/finalized/kaua2024a/PUAI_OS/OS-HH-07_14352/Data/SMM14352_20240613_161500.wav,12.0,15.0,8.908675
/media/kiwi/datasets/finalized/kaua2024a/PUAI_OS/OS-HH-07_14352/Data/SMM14352_20240613_161500.wav,45.0,48.0,9.811106
/media/kiwi/datasets/finalized/kaua2024a/PUAI_OS/OS-HH-09_14234/Data/SMM14234_20240604_181400.wav,105.0,108.0,10.140676
/media/kiwi/datasets/finalized/kaua2024a/PUAI_OS/OS-HH-09_14234/Data/SMM14234_20240608_101400.wav,48.0,51.0,10.611514
/media/kiwi/datasets/finalized/kaua2024a/PUAI_OS/OS-HH-09_14234/Data/SMM14234_20240612_181400.wav,204.0,207.0,14.5485115
/media/kiwi/datasets/finalized/kaua2024a/PUAI_OS/OS-HH-09_14234/Data/SMM14234_20240624_111600.wav,132.0,135.0,10.998531
/media/kiwi/datasets/finalized/kaua2024a/PUAI_OS/OS-HH-09_14234/Data/SMM14234_20240627_181700.wav,210.0,213.0,10.783013
/media/kiwi/datasets/finalized/kaua2024a/PUAI_OS/OS-HH-11_14261/Data/SMM14261_20240513_131900.wav,69.0,72.0,5.382381
/media/kiwi/datasets/finalized/kaua2024a/PUAI_OS/OS-HH-11_14261/Data/SMM14261_20240513_131900.wav,72.0,75.0,9.687705
/media/kiwi/datasets/finalized/kaua2024a/PUAI_OS/OS-HH-11_14261/Data/SMM14261_20240515_091800.wav,0.0,3.0,6.4768763
/media/kiwi/datasets/finalized/kaua2024a/PUAI_OS/OS-HH-11_14261/Data/SMM14261_20240515_151800.wav,216.0,219.0,9.0287
/media/kiwi/datasets/finalized/kaua2024a/PUAI_OS/OS-HH-11_14261/Data/SMM14261_20240523_091600.wav,180.0,183.0,11.307922
/media/kiwi/datasets/finalized/kaua2024a/PUAI_OS/OS-HH-13_14348/Data/SMM14348_20240510_092100.wav,114.0,117.0,10.483998
/media/kiwi/datasets/finalized/kaua2024a/PUAI_OS/OS-HH-13_14348/Data/SMM14348_20240512_132000.wav,48.0,51.0,5.240379
/media/kiwi/datasets/finalized/kaua2024a/PUAI_OS/OS-HH-13_14348/Data/SMM14348_20240512_132000.wav,87.0,90.0,3.787713
/media/kiwi/datasets/finalized/kaua2024a/PUAI_OS/OS-HH-13_14348/Data/SMM14348_20240512_142000.wav,102.0,105.0,8.379458
/media/kiwi/datasets/finalized/kaua2024a/PUAI_OS/OS-HH-13_14348/Data/SMM14348_20240521_181600.wav,96.0,99.0,7.586721
/media/kiwi/datasets/finalized/kaua2024a/PUAI_OS/OS-HH-15_14252/Data/SMM14252_20240502_162500.wav,114.0,117.0,9.543
/media/kiwi/datasets/finalized/kaua2024a/PUAI_OS/OS-HH-15_14252/Data/SMM14252_20240502_162500.wav,129.0,132.0,10.319386
/media/kiwi/datasets/finalized/kaua2024a/PUAI_OS/OS-HH-15_14252/Data/SMM14252_20240521_091600.wav,51.0,54.0,7.237797
/media/kiwi/datasets/finalized/kaua2024a/PUAI_OS/OS-HH-15_14252/Data/SMM14252_20240614_101400.wav,30.0,33.0,11.505593
/media/kiwi/datasets/finalized/kaua2024a/PUAI_OS/OS-HH-15_14252/Data/SMM14252_20240614_101400.wav,48.0,51.0,8.790074
/media/kiwi/datasets/finalized/kaua2024a/PUAI_OS/OS-HH-17_14356/Data/SMM14356_20240521_151600.wav,162.0,165.0,6.737199
/media/kiwi/datasets/finalized/kaua2024a/PUAI_OS/OS-HH-17_14356/Data/SMM14356_20240521_151600.wav,183.0,186.0,5.3819127
/media/kiwi/datasets/finalized/kaua2024a/PUAI_OS/OS-HH-17_14356/Data/SMM14356_20240522_141600.wav,204.0,207.0,5.929927
/media/kiwi/datasets/finalized/kaua2024a/PUAI_OS/OS-HH-17_14356/Data/SMM14356_20240531_141400.wav,189.0,192.0,6.8673515
/media/kiwi/datasets/finalized/kaua2024a/PUAI_OS/OS-HH-17_14356/Data/SMM14356_20240608_131400.wav,87.0,90.0,7.7674274
/media/kiwi/datasets/finalized/kaua2024a/PUAI_OS/OS-HH-19_14347/Data/SMM14347_20240510_152100.wav,69.0,72.0,7.0632377
/media/kiwi/datasets/finalized/kaua2024a/PUAI_OS/OS-HH-19_14347/Data/SMM14347_20240523_101600.wav,30.0,33.0,7.197203
/media/kiwi/datasets/finalized/kaua2024a/PUAI_OS/OS-HH-19_14347/Data/SMM14347_20240523_101600.wav,75.0,78.0,8.13205
/media/kiwi/datasets/finalized/kaua2024a/PUAI_OS/OS-HH-19_14347/Data/SMM14347_20240523_101600.wav,84.0,87.0,8.203837
/media/kiwi/datasets/finalized/kaua2024a/PUAI_OS/OS-HH-19_14347/Data/SMM14347_20240524_121600.wav,174.0,177.0,6.999995
/media/kiwi/datasets/finalized/kaua2024a/PUAI_OS/OS-HH-21_14294/Data/SMM14294_20240512_152000.wav,15.0,18.0,6.964812
/media/kiwi/datasets/finalized/kaua2024a/PUAI_OS/OS-HH-21_14294/Data/SMM14294_20240529_131500.wav,9.0,12.0,9.590864
/media/kiwi/datasets/finalized/kaua2024a/PUAI_OS/OS-HH-21_14294/Data/SMM14294_20240529_131500.wav,42.0,45.0,6.149631
/media/kiwi/datasets/finalized/kaua2024a/PUAI_OS/OS-HH-21_14294/Data/SMM14294_20240529_131500.wav,48.0,51.0,7.6639915
/media/kiwi/datasets/finalized/kaua2024a/PUAI_OS/OS-HH-21_14294/Data/SMM14294_20240529_131500.wav,66.0,69.0,8.098106
/media/kiwi/datasets/finalized/kaua2024a/PUAI_OS/OS-HPK-02_14354/Data/SMM14354_20240522_171600.wav,78.0,81.0,7.6310525
/media/kiwi/datasets/finalized/kaua2024a/PUAI_OS/OS-HPK-02_14354/Data/SMM14354_20240531_061400.wav,141.0,144.0,6.4714046
/media/kiwi/datasets/finalized/kaua2024a/PUAI_OS/OS-HPK-02_14354/Data/SMM14354_20240531_081400.wav,159.0,162.0,7.506107
/media/kiwi/datasets/finalized/kaua2024a/PUAI_OS/OS-HPK-02_14354/Data/SMM14354_20240607_181400.wav,192.0,195.0,7.9450574
/media/kiwi/datasets/finalized/kaua2024a/PUAI_OS/OS-HPK-02_14354/Data/SMM14354_20240608_081400.wav,63.0,66.0,7.4727454
/media/kiwi/datasets/finalized/kaua2024a/PUAI_OS/OS-HPK-04_14371/Data/SMM14371_20240517_111800.wav,9.0,12.0,4.4721074
/media/kiwi/datasets/finalized/kaua2024a/PUAI_OS/OS-HPK-04_14371/Data/SMM14371_20240607_181400.wav,102.0,105.0,7.540606
/media/kiwi/datasets/finalized/kaua2024a/PUAI_OS/OS-HPK-04_14371/Data/SMM14371_20240615_071500.wav,198.0,201.0,9.887267
/media/kiwi/datasets/finalized/kaua2024a/PUAI_OS/OS-HPK-04_14371/Data/SMM14371_20240615_171500.wav,198.0,201.0,9.161294
/media/kiwi/datasets/finalized/kaua2024a/PUAI_OS/OS-HPK-04_14371/Data/SMM14371_20240615_171500.wav,234.0,237.0,5.834816
/media/kiwi/datasets/finalized/kaua2024a/PUAI_OS/OS-HPK-06_14268/Data/SMM14268_20240522_101600.wav,180.0,183.0,8.973117
/media/kiwi/datasets/finalized/kaua2024a/PUAI_OS/OS-HPK-08_14342/Data/SMM14342_20240520_141700.wav,21.0,24.0,2.9856882
/media/kiwi/datasets/finalized/kaua2024a/PUAI_OS/OS-HPK-08_14342/Data/SMM14342_20240520_141700.wav,30.0,33.0,1.5725725
/media/kiwi/datasets/finalized/kaua2024a/PUAI_OS/OS-HPK-08_14342/Data/SMM14342_20240604_121400.wav,18.0,21.0,3.9251459
/media/kiwi/datasets/finalized/kaua2024a/PUAI_OS/OS-HPK-08_14342/Data/SMM14342_20240604_121400.wav,42.0,45.0,0.7056268
/media/kiwi/datasets/finalized/kaua2024a/PUAI_OS/OS-HPK-08_14342/Data/SMM14342_20240604_121400.wav,57.0,60.0,2.0982049
/media/kiwi/datasets/finalized/kaua2024a/PUAI_OS/OS-HPK-14_14282/Data/SMM14282_20240417_093600.wav,105.0,108.0,5.3128047
/media/kiwi/datasets/finalized/kaua2024a/PUAI_OS/OS-HPK-14_14282/Data/SMM14282_20240422_133200.wav,222.0,225.0,7.1975064
/media/kiwi/datasets/finalized/kaua2024a/PUAI_OS/OS-HPK-14_14282/Data/SMM14282_20240429_082700.wav,150.0,153.0,4.6304965
/media/kiwi/datasets/finalized/kaua2024a/PUAI_OS/OS-HPK-14_14282/Data/SMM14282_20240507_122200.wav,150.0,153.0,6.73859
/media/kiwi/datasets/finalized/kaua2024a/PUAI_OS/OS-HPK-16_14369/Data/SMM14369_20240510_112100.wav,126.0,129.0,3.2568715
/media/kiwi/datasets/finalized/kaua2024a/PUAI_OS/OS-HPK-18_14266/Data/SMM14266_20240502_142500.wav,27.0,30.0,2.9561388
/media/kiwi/datasets/finalized/kaua2024a/PUAI_OS/OS-HPK-20_14379/Data/SMM14379_20240411_064100.wav,45.0,48.0,4.3031087
/media/kiwi/datasets/finalized/kaua2024a/PUAI_OS/OS-HPK-20_14379/Data/SMM14379_20240606_151400.wav,108.0,111.0,3.7787054
/media/kiwi/datasets/finalized/kaua2024a/PUAI_OS/OS-HPK-20_14379/Data/SMM14379_20240607_161400.wav,84.0,87.0,-0.7671068
/media/kiwi/datasets/finalized/kaua2024a/PUAI_OS/OS-HPK-22_14269/Data/SMM14269_20240422_133200.wav,93.0,96.0,7.893596
/media/kiwi/datasets/finalized/kaua2024a/PUAI_OS/OS-HPK-22_14269/Data/SMM14269_20240426_172900.wav,141.0,144.0,10.719472
/media/kiwi/datasets/finalized/kaua2024a/PUAI_OS/OS-HPK-22_14269/Data/SMM14269_20240502_122500.wav,138.0,141.0,5.159306
/media/kiwi/datasets/finalized/kaua2024a/PUAI_OS/OS-HPK-22_14269/Data/SMM14269_20240502_122500.wav,153.0,156.0,7.391747
/media/kiwi/datasets/finalized/kaua2024a/PUAI_OS/OS-MOH-02_14373/Data/SMM14373_20240501_132600.wav,150.0,153.0,4.9738564
/media/kiwi/datasets/finalized/kaua2024a/PUAI_OS/OS-MOH-02_14373/Data/SMM14373_20240503_152500.wav,165.0,168.0,9.429184
/media/kiwi/datasets/finalized/kaua2024a/PUAI_OS/OS-MOH-02_14373/Data/SMM14373_20240503_152500.wav,186.0,189.0,8.437902
/media/kiwi/datasets/finalized/kaua2024a/PUAI_OS/OS-MOH-02_14373/Data/SMM14373_20240508_112200.wav,54.0,57.0,8.646779
/media/kiwi/datasets/finalized/kaua2024a/PUAI_OS/OS-MOH-02_14373/Data/SMM14373_20240523_151600.wav,87.0,90.0,9.482011
/media/kiwi/datasets/finalized/kaua2024a/PUAI_OS/OS-MOH-04_14237/Data/SMM14237_20240607_071400.wav,69.0,72.0,7.579636
/media/kiwi/datasets/finalized/kaua2024a/PUAI_OS/OS-MOH-04_14237/Data/SMM14237_20240607_071400.wav,102.0,105.0,6.4540935
/media/kiwi/datasets/finalized/kaua2024a/PUAI_OS/OS-MOH-04_14237/Data/SMM14237_20240607_071400.wav,174.0,177.0,9.479267
/media/kiwi/datasets/finalized/kaua2024a/PUAI_OS/OS-MOH-04_14237/Data/SMM14237_20240607_071400.wav,234.0,237.0,6.9157124
/media/kiwi/datasets/finalized/kaua2024a/PUAI_OS/OS-MOH-04_14237/Data/SMM14237_20240607_131400.wav,123.0,126.0,4.5712214
/media/kiwi/datasets/finalized/kaua2024a/PUAI_OS/OS-MOH-08_14243/Data/SMM14243_20240427_172900.wav,27.0,30.0,6.736753
/media/kiwi/datasets/finalized/kaua2024a/PUAI_OS/OS-MOH-08_14243/Data/SMM14243_20240427_172900.wav,129.0,132.0,10.364709
/media/kiwi/datasets/finalized/kaua2024a/PUAI_OS/OS-MOH-08_14243/Data/SMM14243_20240429_062700.wav,36.0,39.0,5.05711
/media/kiwi/datasets/finalized/kaua2024a/PUAI_OS/OS-MOH-08_14243/Data/SMM14243_20240429_062700.wav,42.0,45.0,6.4995985
/media/kiwi/datasets/finalized/kaua2024a/PUAI_OS/OS-MOH-08_14243/Data/SMM14243_20240509_162100.wav,60.0,63.0,10.137277
/media/kiwi/datasets/finalized/kaua2024a/PUAI_OS/OS-MOH-10_14260/Data/SMM14260_20240508_152200.wav,135.0,138.0,9.627009
/media/kiwi/datasets/finalized/kaua2024a/PUAI_OS/OS-MOH-10_14260/Data/SMM14260_20240509_162100.wav,216.0,219.0,6.628666
/media/kiwi/datasets/finalized/kaua2024a/PUAI_OS/OS-MOH-10_14260/Data/SMM14260_20240530_141400.wav,0.0,3.0,12.820687
/media/kiwi/datasets/finalized/kaua2024a/PUAI_OS/OS-MOH-10_14260/Data/SMM14260_20240602_151400.wav,117.0,120.0,3.152189
/media/kiwi/datasets/finalized/kaua2024a/PUAI_OS/OS-MOH-10_14260/Data/SMM14260_20240613_171400.wav,135.0,138.0,10.062398
/media/kiwi/datasets/finalized/kaua2024a/PUAI_OS/OS-MOH-12_14263/Data/SMM14263_20240520_141700.wav,21.0,24.0,5.6294255
/media/kiwi/datasets/finalized/kaua2024a/PUAI_OS/OS-MOH-12_14263/Data/SMM14263_20240522_131600.wav,177.0,180.0,5.4401374
/media/kiwi/datasets/finalized/kaua2024a/PUAI_OS/OS-MOH-12_14263/Data/SMM14263_20240523_141600.wav,204.0,207.0,6.733748
/media/kiwi/datasets/finalized/kaua2024a/PUAI_OS/OS-MOH-12_14263/Data/SMM14263_20240527_061500.wav,189.0,192.0,8.252825
/media/kiwi/datasets/finalized/kaua2024a/PUAI_OS/OS-MOH-12_14263/Data/SMM14263_20240604_071400.wav,108.0,111.0,8.049095
/media/kiwi/datasets/finalized/kaua2024a/PUAI_OS/OS-MOH-14_14258/Data/SMM14258_20240501_072600.wav,21.0,24.0,3.422209
/media/kiwi/datasets/finalized/kaua2024a/PUAI_OS/OS-MOH-14_14258/Data/SMM14258_20240501_072600.wav,27.0,30.0,5.819221
/media/kiwi/datasets/finalized/kaua2024a/PUAI_OS/OS-MOH-14_14258/Data/SMM14258_20240503_142500.wav,111.0,114.0,5.289137
/media/kiwi/datasets/finalized/kaua2024a/PUAI_OS/OS-MOH-14_14258/Data/SMM14258_20240529_141500.wav,0.0,3.0,8.519525
/media/kiwi/datasets/finalized/kaua2024a/PUAI_OS/OS-MOH-14_14258/Data/SMM14258_20240529_141500.wav,39.0,42.0,10.488791
/media/kiwi/datasets/finalized/kaua2024a/PUAI_OS/OS-MOH-16_14248/Data/SMM14248_20240501_162600.wav,18.0,21.0,11.380946
/media/kiwi/datasets/finalized/kaua2024a/PUAI_OS/OS-MOH-16_14248/Data/SMM14248_20240501_162600.wav,183.0,186.0,10.053799
/media/kiwi/datasets/finalized/kaua2024a/PUAI_OS/OS-MOH-16_14248/Data/SMM14248_20240501_162600.wav,207.0,210.0,11.883632
/media/kiwi/datasets/finalized/kaua2024a/PUAI_OS/OS-MOH-16_14248/Data/SMM14248_20240502_152500.wav,132.0,135.0,9.494972
/media/kiwi/datasets/finalized/kaua2024a/PUAI_OS/OS-MOH-16_14248/Data/SMM14248_20240509_162100.wav,132.0,135.0,12.858387
/media/kiwi/datasets/finalized/kaua2024a/PUAI_OS/OS-MOH-18_14255/Data/SMM14255_20240520_141700.wav,216.0,219.0,7.450763
/media/kiwi/datasets/finalized/kaua2024a/PUAI_OS/OS-MOH-18_14255/Data/SMM14255_20240610_121400.wav,108.0,111.0,7.2281804
/media/kiwi/datasets/finalized/kaua2024a/PUAI_OS/OS-MOH-18_14255/Data/SMM14255_20240610_121400.wav,144.0,147.0,9.121781
/media/kiwi/datasets/finalized/kaua2024a/PUAI_OS/OS-MOH-18_14255/Data/SMM14255_20240610_171400.wav,123.0,126.0,9.423814
/media/kiwi/datasets/finalized/kaua2024a/PUAI_OS/OS-MOH-18_14255/Data/SMM14255_20240619_071500.wav,9.0,12.0,8.953072
/media/kiwi/datasets/finalized/kaua2024a/PUAI_OS/OS-MOH-20_14343/Data/SMM14343_20240423_163200.wav,30.0,33.0,8.809203
/media/kiwi/datasets/finalized/kaua2024a/PUAI_OS/OS-MOH-20_14343/Data/SMM14343_20240502_122500.wav,111.0,114.0,8.36999
/media/kiwi/datasets/finalized/kaua2024a/PUAI_OS/OS-MOH-20_14343/Data/SMM14343_20240608_161400.wav,36.0,39.0,10.124347
/media/kiwi/datasets/finalized/kaua2024a/PUAI_OS/OS-MOH-20_14343/Data/SMM14343_20240608_161400.wav,39.0,42.0,11.281177
/media/kiwi/datasets/finalized/kaua2024a/PUAI_OS/OS-MOH-20_14343/Data/SMM14343_20240608_161400.wav,123.0,126.0,12.525895
/media/kiwi/datasets/finalized/kaua2024a/PUAI_OS/OS-UUK-02_11914/Data/SMM11914_20240530_111400.wav,207.0,210.0,11.3236475
/media/kiwi/datasets/finalized/kaua2024a/PUAI_OS/OS-UUK-02_11914/Data/SMM11914_20240605_141400.wav,36.0,39.0,3.201127
/media/kiwi/datasets/finalized/kaua2024a/PUAI_OS/OS-UUK-02_11914/Data/SMM11914_20240605_141400.wav,39.0,42.0,10.111812
/media/kiwi/datasets/finalized/kaua2024a/PUAI_OS/OS-UUK-02_11914/Data/SMM11914_20240606_071400.wav,189.0,192.0,4.4980445
/media/kiwi/datasets/finalized/kaua2024a/PUAI_OS/OS-UUK-02_11914/Data/SMM11914_20240606_121400.wav,186.0,189.0,3.8486466
/media/kiwi/datasets/finalized/kaua2024a/PUAI_OS/OS-UUK-04_14241/Data/SMM14241_20240522_161600.wav,111.0,114.0,6.339227
/media/kiwi/datasets/finalized/kaua2024a/PUAI_OS/OS-UUK-04_14241/Data/SMM14241_20240525_181500.wav,111.0,114.0,0.36307693
/media/kiwi/datasets/finalized/kaua2024a/PUAI_OS/OS-UUK-04_14241/Data/SMM14241_20240525_181500.wav,165.0,168.0,3.2914011
/media/kiwi/datasets/finalized/kaua2024a/PUAI_OS/OS-UUK-04_14241/Data/SMM14241_20240528_181500.wav,213.0,216.0,5.817282
/media/kiwi/datasets/finalized/kaua2024a/PUAI_OS/OS-UUK-04_14241/Data/SMM14241_20240617_081500.wav,168.0,171.0,5.7691426
/media/kiwi/datasets/finalized/kaua2024a/PUAI_OS/OS-UUK-06_11848/Data/SMM11848_20240530_101200.wav,75.0,78.0,5.0220685
/media/kiwi/datasets/finalized/kaua2024a/PUAI_OS/OS-UUK-06_11848/Data/SMM11848_20240605_141100.wav,147.0,150.0,6.368083
/media/kiwi/datasets/finalized/kaua2024a/PUAI_OS/OS-UUK-06_11848/Data/SMM11848_20240605_161100.wav,30.0,33.0,-2.68723
/media/kiwi/datasets/finalized/kaua2024a/PUAI_OS/OS-UUK-06_11848/Data/SMM11848_20240616_171200.wav,189.0,192.0,-0.15267093
/media/kiwi/datasets/finalized/kaua2024a/PUAI_OS/OS-UUK-06_11848/Data/SMM11848_20240628_061500.wav,117.0,120.0,0.8697626
/media/kiwi/datasets/finalized/kaua2024a/PUAI_OS/OS-UUK-10_11859/Data/SMM11859_20240526_171500.wav,84.0,87.0,5.1949353
/media/kiwi/datasets/finalized/kaua2024a/PUAI_OS/OS-UUK-14_11858/Data/SMM11858_20240524_151600.wav,195.0,198.0,5.121777
/media/kiwi/datasets/finalized/kaua2024a/PUAI_OS/OS-UUK-14_11858/Data/SMM11858_20240525_101500.wav,66.0,69.0,5.2214036
/media/kiwi/datasets/finalized/kaua2024a/PUAI_OS/OS-UUK-14_11858/Data/SMM11858_20240525_131500.wav,207.0,210.0,4.781957
/media/kiwi/datasets/finalized/kaua2024a/PUAI_OS/OS-UUK-14_11858/Data/SMM11858_20240526_111500.wav,66.0,69.0,3.456809
/media/kiwi/datasets/finalized/kaua2024a/PUAI_OS/OS-UUK-14_11858/Data/SMM11858_20240526_181500.wav,87.0,90.0,6.4364305
/media/kiwi/datasets/finalized/kaua2024a/PUAI_OS/OS-UUK-16_11863/Data/SMM11863_20240509_102100.wav,6.0,9.0,4.3715544
/media/kiwi/datasets/finalized/kaua2024a/PUAI_OS/OS-UUK-16_11863/Data/SMM11863_20240509_102100.wav,15.0,18.0,3.1235216
/media/kiwi/datasets/finalized/kaua2024a/PUAI_OS/OS-UUK-16_11863/Data/SMM11863_20240523_121600.wav,150.0,153.0,4.634495
/media/kiwi/datasets/finalized/kaua2024a/PUAI_OS/OS-UUK-18_11893/Data/SMM11893_20240528_071500.wav,141.0,144.0,4.1651745
/media/kiwi/datasets/finalized/kaua2024a/PUAI_OS/OS-UUK-18_11893/Data/SMM11893_20240529_111500.wav,138.0,141.0,5.296229
/media/kiwi/datasets/finalized/kaua2024a/PUAI_OS/OS-UUK-18_11893/Data/SMM11893_20240603_111400.wav,45.0,48.0,5.073487
/media/kiwi/datasets/finalized/kaua2024a/PUAI_OS/OS-UUK-18_11893/Data/SMM11893_20240603_111400.wav,54.0,57.0,-0.8034906
/media/kiwi/datasets/finalized/kaua2024a/PUAI_OS/OS-UUK-18_11893/Data/SMM11893_20240604_071400.wav,99.0,102.0,3.5409558
/media/kiwi/datasets/finalized/kaua2024a/PUAI_OS/OS-UUK-20_11919/Data/SMM11919_20240527_061500.wav,150.0,153.0,5.351727
/media/kiwi/datasets/finalized/kaua2024a/PUAI_OS/OS-UUK-20_11919/Data/SMM11919_20240527_061500.wav,165.0,168.0,2.2032099
/media/kiwi/datasets/finalized/kaua2024a/PUAI_OS/OS-UUK-20_11919/Data/SMM11919_20240527_061500.wav,171.0,174.0,3.7823591
/media/kiwi/datasets/finalized/kaua2024a/PUAI_OS/OS-UUK-20_11919/Data/SMM11919_20240604_121400.wav,9.0,12.0,0.96010447
/media/kiwi/datasets/finalized/kaua2024a/PUAI_OS/OS-UUK-20_11919/Data/SMM11919_20240604_121400.wav,12.0,15.0,2.439155
