file,start_time,end_time,AKEK_song,folder,point,notes,annotation
/media/kiwi/datasets/finalized/kaua2024a/AKEK_grid/A1-0_11883/Data/SMM11883_20240322_110000.wav,93,96,9.070529,A1-0_11883,A1-0,lowers in pitch after two notes,KAAM_song
/media/kiwi/datasets/finalized/kaua2024a/AKEK_grid/A1-0_11883/Data/SMM11883_20240322_110000.wav,147,150,8.924845,A1-0_11883,A1-0,,KAAM_song
/media/kiwi/datasets/finalized/kaua2024a/AKEK_grid/A1-0_11883/Data/SMM11883_20240324_085800.wav,78,81,9.45736,A1-0_11883,A1-0,,KAAM_song
/media/kiwi/datasets/finalized/kaua2024a/AKEK_grid/A1-0_11883/Data/SMM11883_20240412_174100.wav,102,105,10.097325,A1-0_11883,A1-0,,KAAM_song
/media/kiwi/datasets/finalized/kaua2024a/AKEK_grid/A1-0_11883/Data/SMM11883_20240412_174100.wav,108,111,9.185908,A1-0_11883,A1-0,,KAAM_song
/media/kiwi/datasets/finalized/kaua2024a/AKEK_grid/A2-0_11869/Data/SMM11869_20240528_141500.wav,78,81,8.559806,A2-0_11869,A2-0,check,KAAM_song
/media/kiwi/datasets/finalized/kaua2024a/AKEK_grid/A2-0_11869/Data/SMM11869_20240528_141500.wav,126,129,6.434549,A2-0_11869,A2-0,check,KAAM_song
/media/kiwi/datasets/finalized/kaua2024a/AKEK_grid/A2-0_11869/Data/SMM11869_20240528_141500.wav,180,183,7.2203,A2-0_11869,A2-0,check,KAAM_song
/media/kiwi/datasets/finalized/kaua2024a/AKEK_grid/A2-0_11869/Data/SMM11869_20240528_141500.wav,180,183,7.2203,A2-0_11869,A2-0,chek,KAAM_song
/media/kiwi/datasets/finalized/kaua2024a/AKEK_grid/A2-0_11869/Data/SMM11869_20240605_181400.wav,201,204,6.353494,A2-0_11869,A2-0,partial,KAAM_song
/media/kiwi/datasets/finalized/kaua2024a/AKEK_grid/A2-0_11869/Data/SMM11869_20240611_151500.wav,147,150,6.8112574,A2-0_11869,A2-0,check,KAAM_song
/media/kiwi/datasets/finalized/kaua2024a/AKEK_grid/A2-4_11918/Data/SMM11918_20240508_062200.wav,174,177,0.50954145,A2-4_11918,A2-4,,0
/media/kiwi/datasets/finalized/kaua2024a/AKEK_grid/A2-4_11918/Data/SMM11918_20240514_181900.wav,102,105,3.9465559,A2-4_11918,A2-4,,0
/media/kiwi/datasets/finalized/kaua2024a/AKEK_grid/A2-4_11918/Data/SMM11918_20240514_181900.wav,111,114,2.0400112,A2-4_11918,A2-4,,0
/media/kiwi/datasets/finalized/kaua2024a/AKEK_grid/A2-4_11918/Data/SMM11918_20240608_191400.wav,21,24,2.3894544,A2-4_11918,A2-4,,0
/media/kiwi/datasets/finalized/kaua2024a/AKEK_grid/A2-4_11918/Data/SMM11918_20240628_121800.wav,174,177,2.2660542,A2-4_11918,A2-4,,0
/media/kiwi/datasets/finalized/kaua2024a/AKEK_grid/A3-0_11423/Data/SMM11423_20240502_152600.wav,114,117,1.3956902,A3-0_11423,A3-0,,0
/media/kiwi/datasets/finalized/kaua2024a/AKEK_grid/A3-0_11423/Data/SMM11423_20240507_182300.wav,183,186,1.6073803,A3-0_11423,A3-0,,0
/media/kiwi/datasets/finalized/kaua2024a/AKEK_grid/A3-0_11423/Data/SMM11423_20240508_162200.wav,81,84,1.3172393,A3-0_11423,A3-0,,0
/media/kiwi/datasets/finalized/kaua2024a/AKEK_grid/A3-0_11423/Data/SMM11423_20240510_182100.wav,165,168,0.557023,A3-0_11423,A3-0,,0
/media/kiwi/datasets/finalized/kaua2024a/AKEK_grid/A3-0_11423/Data/SMM11423_20240607_111400.wav,231,234,0.99678725,A3-0_11423,A3-0,,0
/media/kiwi/datasets/finalized/kaua2024a/AKEK_grid/B1-0_11895/Data/SMM11895_20240606_091400.wav,18,21,3.4818108,B1-0_11895,B1-0,partial song,0
/media/kiwi/datasets/finalized/kaua2024a/AKEK_grid/B1-0_11895/Data/SMM11895_20240606_091400.wav,45,48,2.6261485,B1-0_11895,B1-0,partial song,0
/media/kiwi/datasets/finalized/kaua2024a/AKEK_grid/B1-0_11895/Data/SMM11895_20240606_091400.wav,48,51,2.7817235,B1-0_11895,B1-0,partial song,0
/media/kiwi/datasets/finalized/kaua2024a/AKEK_grid/B1-0_11895/Data/SMM11895_20240613_091500.wav,165,168,4.1839786,B1-0_11895,B1-0,partial song,0
/media/kiwi/datasets/finalized/kaua2024a/AKEK_grid/B1-0_11895/Data/SMM11895_20240613_091500.wav,171,174,3.1357973,B1-0_11895,B1-0,partial song,0
/media/kiwi/datasets/finalized/kaua2024a/AKEK_grid/B1-2_11867/Data/SMM11867_20240322_140000.wav,213,216,13.058682,B1-2_11867,B1-2,,KAAM_song?
/media/kiwi/datasets/finalized/kaua2024a/AKEK_grid/B1-2_11867/Data/SMM11867_20240402_095000.wav,207,210,12.228587,B1-2_11867,B1-2,,KAAM_song?
/media/kiwi/datasets/finalized/kaua2024a/AKEK_grid/B1-2_11867/Data/SMM11867_20240406_094600.wav,219,222,12.279614,B1-2_11867,B1-2,,KAAM_song?
/media/kiwi/datasets/finalized/kaua2024a/AKEK_grid/B1-2_11867/Data/SMM11867_20240408_134400.wav,162,165,12.53778,B1-2_11867,B1-2,last 3 notes lower,KAAM_song?
/media/kiwi/datasets/finalized/kaua2024a/AKEK_grid/B1-2_11867/Data/SMM11867_20240408_134400.wav,228,231,13.482432,B1-2_11867,B1-2,,KAAM_song?
/media/kiwi/datasets/finalized/kaua2024a/AKEK_grid/B2-0_11425/Data/SMM11425_20240420_093400.wav,84,87,9.671196,B2-0_11425,B2-0,,KAAM_song
/media/kiwi/datasets/finalized/kaua2024a/AKEK_grid/B2-0_11425/Data/SMM11425_20240420_093400.wav,147,150,10.266772,B2-0_11425,B2-0,,KAAM_song
/media/kiwi/datasets/finalized/kaua2024a/AKEK_grid/B2-0_11425/Data/SMM11425_20240519_141700.wav,45,48,10.275172,B2-0_11425,B2-0,,KAAM_song
/media/kiwi/datasets/finalized/kaua2024a/AKEK_grid/B2-0_11425/Data/SMM11425_20240519_141700.wav,81,84,9.9904785,B2-0_11425,B2-0,,KAAM_song
/media/kiwi/datasets/finalized/kaua2024a/AKEK_grid/B2-0_11425/Data/SMM11425_20240519_141700.wav,129,132,9.230181,B2-0_11425,B2-0,,KAAM_song
/media/kiwi/datasets/finalized/kaua2024a/AKEK_grid/B2-1-extra_11792/Data/SMM11792_20240517_111800.wav,186,189,9.603659,B2-1-extra_11792,B2-1-extra,,KAAM_song
/media/kiwi/datasets/finalized/kaua2024a/AKEK_grid/B2-1-extra_11792/Data/SMM11792_20240526_171600.wav,72,75,9.56313,B2-1-extra_11792,B2-1-extra,,KAAM_song
/media/kiwi/datasets/finalized/kaua2024a/AKEK_grid/B2-1-extra_11792/Data/SMM11792_20240606_171400.wav,96,99,9.627708,B2-1-extra_11792,B2-1-extra,,KAAM_song
/media/kiwi/datasets/finalized/kaua2024a/AKEK_grid/B2-1-extra_11792/Data/SMM11792_20240606_171400.wav,147,150,9.384139,B2-1-extra_11792,B2-1-extra,,KAAM_song
/media/kiwi/datasets/finalized/kaua2024a/AKEK_grid/B2-1-extra_11792/Data/SMM11792_20240617_071500.wav,201,204,9.360138,B2-1-extra_11792,B2-1-extra,,KAAM_song
/media/kiwi/datasets/finalized/kaua2024a/AKEK_grid/B3-0_11550/Data/SMM11550_20240325_145700.wav,234,237,10.101949,B3-0_11550,B3-0,,KAAM_song
/media/kiwi/datasets/finalized/kaua2024a/AKEK_grid/B3-0_11550/Data/SMM11550_20240401_135100.wav,15,18,10.935483,B3-0_11550,B3-0,,KAAM_song
/media/kiwi/datasets/finalized/kaua2024a/AKEK_grid/B3-0_11550/Data/SMM11550_20240401_135100.wav,63,66,12.321395,B3-0_11550,B3-0,,KAAM_song
/media/kiwi/datasets/finalized/kaua2024a/AKEK_grid/B3-0_11550/Data/SMM11550_20240411_074100.wav,177,180,11.790484,B3-0_11550,B3-0,,KAAM_song
/media/kiwi/datasets/finalized/kaua2024a/AKEK_grid/B3-0_11550/Data/SMM11550_20240428_072800.wav,12,15,10.430089,B3-0_11550,B3-0,,KAAM_song
/media/kiwi/datasets/finalized/kaua2024a/AKEK_grid/B3-4_11462/Data/SMM11462_20240329_165300.wav,147,150,8.9341,B3-4_11462,B3-4,,KAAM_song?
/media/kiwi/datasets/finalized/kaua2024a/AKEK_grid/B3-4_11462/Data/SMM11462_20240404_074800.wav,96,99,8.48524,B3-4_11462,B3-4,,AKEK_song?
/media/kiwi/datasets/finalized/kaua2024a/AKEK_grid/B3-4_11462/Data/SMM11462_20240404_074800.wav,102,105,10.349387,B3-4_11462,B3-4,,AKEK_song?
/media/kiwi/datasets/finalized/kaua2024a/AKEK_grid/B3-4_11462/Data/SMM11462_20240404_074800.wav,108,111,11.731517,B3-4_11462,B3-4,but see https://media.ebird.org/catalog?taxonCode=kauama&mediaType=audio,AKEK_song?
/media/kiwi/datasets/finalized/kaua2024a/AKEK_grid/B3-4_11462/Data/SMM11462_20240404_074800.wav,114,117,10.661035,B3-4_11462,B3-4,,AKEK_song?
/media/kiwi/datasets/finalized/kaua2024a/AKEK_grid/B3-4_11462/Data/SMM11462_20240430_082700.wav,9,12,9.195356,B3-4_11462,B3-4,,AKEK_KAAM
/media/kiwi/datasets/finalized/kaua2024a/AKEK_grid/B3-4_11462/Data/SMM11462_20240430_082700.wav,48,51,8.95836,B3-4_11462,B3-4,,AKEK_KAAM
/media/kiwi/datasets/finalized/kaua2024a/AKEK_grid/B3-4_11462/Data/SMM11462_20240502_072500.wav,12,15,8.3527155,B3-4_11462,B3-4,,KAAM_song
/media/kiwi/datasets/finalized/kaua2024a/AKEK_grid/B3-4_11462/Data/SMM11462_20240502_082500.wav,237,240,8.612208,B3-4_11462,B3-4,,KAAM_song
/media/kiwi/datasets/finalized/kaua2024a/AKEK_grid/B4-0_11437/Data/SMM11437_20240329_135300.wav,189,192,10.148181,B4-0_11437,B4-0,,KAAM_song?
/media/kiwi/datasets/finalized/kaua2024a/AKEK_grid/B4-0_11437/Data/SMM11437_20240519_171700.wav,12,15,9.421966,B4-0_11437,B4-0,,KAAM_song?
/media/kiwi/datasets/finalized/kaua2024a/AKEK_grid/B4-0_11437/Data/SMM11437_20240521_161600.wav,126,129,9.236537,B4-0_11437,B4-0,,KAAM_song?
/media/kiwi/datasets/finalized/kaua2024a/AKEK_grid/B4-0_11437/Data/SMM11437_20240528_071500.wav,90,93,9.24856,B4-0_11437,B4-0,,KAAM_song?
/media/kiwi/datasets/finalized/kaua2024a/AKEK_grid/B4-0_11437/Data/SMM11437_20240529_181500.wav,204,207,10.091109,B4-0_11437,B4-0,,KAAM_song?
/media/kiwi/datasets/finalized/kaua2024a/AKEK_grid/C2-0_11798/Data/SMM11798_20240508_142200.wav,60,63,1.9396275,C2-0_11798,C2-0,,KAAM_song
/media/kiwi/datasets/finalized/kaua2024a/AKEK_grid/C2-0_11798/Data/SMM11798_20240523_111600.wav,21,24,4.4291773,C2-0_11798,C2-0,,KAAM_ANIA
/media/kiwi/datasets/finalized/kaua2024a/AKEK_grid/C2-0_11798/Data/SMM11798_20240523_111600.wav,39,42,2.0856664,C2-0_11798,C2-0,,KAAM_song
/media/kiwi/datasets/finalized/kaua2024a/AKEK_grid/C2-0_11798/Data/SMM11798_20240611_151400.wav,216,219,4.159092,C2-0_11798,C2-0,,KAAM_ANIA
/media/kiwi/datasets/finalized/kaua2024a/AKEK_grid/C2-0_11798/Data/SMM11798_20240626_191700.wav,99,102,2.530725,C2-0_11798,C2-0,,KAAM_song
/media/kiwi/datasets/finalized/kaua2024a/AKEK_grid/C3-4-extra_11431/Data/SMM11431_20240508_072200.wav,75,78,4.516205,C3-4-extra_11431,C3-4-extra,,0
/media/kiwi/datasets/finalized/kaua2024a/AKEK_grid/C3-4-extra_11431/Data/SMM11431_20240521_121600.wav,45,48,4.8624377,C3-4-extra_11431,C3-4-extra,,0
/media/kiwi/datasets/finalized/kaua2024a/AKEK_grid/C3-4-extra_11431/Data/SMM11431_20240522_091600.wav,48,51,8.038908,C3-4-extra_11431,C3-4-extra,,0
/media/kiwi/datasets/finalized/kaua2024a/AKEK_grid/C3-4-extra_11431/Data/SMM11431_20240522_091600.wav,114,117,2.0807521,C3-4-extra_11431,C3-4-extra,,0
/media/kiwi/datasets/finalized/kaua2024a/AKEK_grid/C3-4-extra_11431/Data/SMM11431_20240608_141400.wav,204,207,1.634811,C3-4-extra_11431,C3-4-extra,,0
/media/kiwi/datasets/finalized/kaua2024a/AKEK_grid/C4-0_11457/Data/SMM11457_20240521_141600.wav,27,30,8.792092,C4-0_11457,C4-0,,KAAM_song
/media/kiwi/datasets/finalized/kaua2024a/AKEK_grid/C4-0_11457/Data/SMM11457_20240522_111600.wav,36,39,8.011313,C4-0_11457,C4-0,,KAAM_song
/media/kiwi/datasets/finalized/kaua2024a/AKEK_grid/C4-0_11457/Data/SMM11457_20240522_111600.wav,138,141,8.658991,C4-0_11457,C4-0,,KAAM_song
/media/kiwi/datasets/finalized/kaua2024a/AKEK_grid/C4-0_11457/Data/SMM11457_20240522_141600.wav,93,96,9.891772,C4-0_11457,C4-0,,KAAM_song
/media/kiwi/datasets/finalized/kaua2024a/AKEK_grid/C4-0_11457/Data/SMM11457_20240522_141600.wav,108,111,7.7213745,C4-0_11457,C4-0,,KAAM_song
/media/kiwi/datasets/finalized/kaua2024a/AKEK_grid/C4-4-extra_11430/Data/SMM11430_20240528_141500.wav,183,186,10.178216,C4-4-extra_11430,C4-4-extra,"based on further context from recording, believe this is ANIA_song",ANIA_song?
/media/kiwi/datasets/finalized/kaua2024a/AKEK_grid/C4-4-extra_11430/Data/SMM11430_20240528_161500.wav,63,66,10.187857,C4-4-extra_11430,C4-4-extra,,KAAM_song
/media/kiwi/datasets/finalized/kaua2024a/AKEK_grid/C4-4-extra_11430/Data/SMM11430_20240528_161500.wav,66,69,11.645777,C4-4-extra_11430,C4-4-extra,,KAAM_song
/media/kiwi/datasets/finalized/kaua2024a/AKEK_grid/C4-4-extra_11430/Data/SMM11430_20240528_161500.wav,72,75,10.377832,C4-4-extra_11430,C4-4-extra,,KAAM_song
/media/kiwi/datasets/finalized/kaua2024a/AKEK_grid/C4-4-extra_11430/Data/SMM11430_20240528_161500.wav,78,81,11.864216,C4-4-extra_11430,C4-4-extra,check,KAAM_song
/media/kiwi/datasets/finalized/kaua2024a/AKEK_grid/C5-0_11906/Data/SMM11906_20240404_134800.wav,192,195,9.509955,C5-0_11906,C5-0,,KAAM_song
/media/kiwi/datasets/finalized/kaua2024a/AKEK_grid/C5-0_11906/Data/SMM11906_20240412_114100.wav,138,141,9.660708,C5-0_11906,C5-0,,ANIA_song
/media/kiwi/datasets/finalized/kaua2024a/AKEK_grid/C5-0_11906/Data/SMM11906_20240506_122300.wav,90,93,10.551172,C5-0_11906,C5-0,,ANIA_song
/media/kiwi/datasets/finalized/kaua2024a/AKEK_grid/C5-0_11906/Data/SMM11906_20240506_122300.wav,114,117,9.7846365,C5-0_11906,C5-0,,ANIA_song
/media/kiwi/datasets/finalized/kaua2024a/AKEK_grid/C5-0_11906/Data/SMM11906_20240512_102000.wav,204,207,10.365354,C5-0_11906,C5-0,honeycreeper song,u
/media/kiwi/datasets/finalized/kaua2024a/AKEK_grid/C5-2-extra_11445/Data/SMM11445_20240325_085700.wav,3,6,9.05741,C5-2-extra_11445,C5-2-extra,honeycreeper song,u
/media/kiwi/datasets/finalized/kaua2024a/AKEK_grid/C5-2-extra_11445/Data/SMM11445_20240417_113600.wav,36,39,9.49598,C5-2-extra_11445,C5-2-extra,,ANIA_song
/media/kiwi/datasets/finalized/kaua2024a/AKEK_grid/C5-2-extra_11445/Data/SMM11445_20240429_102700.wav,159,162,10.337655,C5-2-extra_11445,C5-2-extra,"interesting unusual song, ask for help",u
/media/kiwi/datasets/finalized/kaua2024a/AKEK_grid/C5-2-extra_11445/Data/SMM11445_20240430_082700.wav,186,189,9.054332,C5-2-extra_11445,C5-2-extra,,ANIA_song
/media/kiwi/datasets/finalized/kaua2024a/AKEK_grid/C5-2-extra_11445/Data/SMM11445_20240507_112200.wav,69,72,9.32849,C5-2-extra_11445,C5-2-extra,"honeycreeper song, ask for help",u
/media/kiwi/datasets/finalized/kaua2024a/AKEK_grid/D3-0_11534/Data/SMM11534_20240501_152600.wav,132,135,5.251123,D3-0_11534,D3-0,,ANIA_song
/media/kiwi/datasets/finalized/kaua2024a/AKEK_grid/D3-0_11534/Data/SMM11534_20240502_182500.wav,66,69,9.113513,D3-0_11534,D3-0,,ANIA_song
/media/kiwi/datasets/finalized/kaua2024a/AKEK_grid/D3-0_11534/Data/SMM11534_20240528_091500.wav,219,222,6.0965285,D3-0_11534,D3-0,,ANIA_song
/media/kiwi/datasets/finalized/kaua2024a/AKEK_grid/D3-0_11534/Data/SMM11534_20240529_141500.wav,57,60,4.9465704,D3-0_11534,D3-0,,0
/media/kiwi/datasets/finalized/kaua2024a/AKEK_grid/D3-0_11534/Data/SMM11534_20240606_111400.wav,93,96,6.5928454,D3-0_11534,D3-0,,ANIA_song
/media/kiwi/datasets/finalized/kaua2024a/AKEK_grid/D3-4-additional_11429/Data/SMM11429_20240501_072600.wav,162,165,8.402082,D3-4-additional_11429,D3-4-additional,,ANIA_song
/media/kiwi/datasets/finalized/kaua2024a/AKEK_grid/D3-4-additional_11429/Data/SMM11429_20240501_072600.wav,171,174,6.435615,D3-4-additional_11429,D3-4-additional,honeycreeper song,u
/media/kiwi/datasets/finalized/kaua2024a/AKEK_grid/D3-4-additional_11429/Data/SMM11429_20240501_172600.wav,126,129,4.3699565,D3-4-additional_11429,D3-4-additional,,ANIA_song
/media/kiwi/datasets/finalized/kaua2024a/AKEK_grid/D3-4-additional_11429/Data/SMM11429_20240501_172600.wav,138,141,4.2607646,D3-4-additional_11429,D3-4-additional,,u
/media/kiwi/datasets/finalized/kaua2024a/AKEK_grid/D3-4-additional_11429/Data/SMM11429_20240509_142100.wav,9,12,5.8907413,D3-4-additional_11429,D3-4-additional,,ANIA_song
/media/kiwi/datasets/finalized/kaua2024a/AKEK_grid/D4-0_11915/Data/SMM11915_20240313_150800.wav,222,225,12.468855,D4-0_11915,D4-0,,KAAM_ANIA
/media/kiwi/datasets/finalized/kaua2024a/AKEK_grid/D4-0_11915/Data/SMM11915_20240430_062700.wav,183,186,11.067816,D4-0_11915,D4-0,,KAAM_ANIA
/media/kiwi/datasets/finalized/kaua2024a/AKEK_grid/D4-0_11915/Data/SMM11915_20240430_072700.wav,225,228,11.393403,D4-0_11915,D4-0,,KAAM_ANIA
/media/kiwi/datasets/finalized/kaua2024a/AKEK_grid/D4-0_11915/Data/SMM11915_20240523_141600.wav,129,132,10.980411,D4-0_11915,D4-0,,KAAM_ANIA
/media/kiwi/datasets/finalized/kaua2024a/AKEK_grid/D4-0_11915/Data/SMM11915_20240526_161500.wav,117,120,11.584744,D4-0_11915,D4-0,,KAAM_ANIA
/media/kiwi/datasets/finalized/kaua2024a/AKEK_grid/D4-4_11791/Data/SMM11791_20240410_124200.wav,201,204,10.665732,D4-4_11791,D4-4,,KAAM_ANIA
/media/kiwi/datasets/finalized/kaua2024a/AKEK_grid/D4-4_11791/Data/SMM11791_20240429_162700.wav,6,9,11.062624,D4-4_11791,D4-4,,KAAM_song
/media/kiwi/datasets/finalized/kaua2024a/AKEK_grid/D4-4_11791/Data/SMM11791_20240502_082500.wav,108,111,11.113009,D4-4_11791,D4-4,,ANIA_song
/media/kiwi/datasets/finalized/kaua2024a/AKEK_grid/D4-4_11791/Data/SMM11791_20240502_082500.wav,126,129,10.3638315,D4-4_11791,D4-4,,ANIA_song
/media/kiwi/datasets/finalized/kaua2024a/AKEK_grid/D4-4_11791/Data/SMM11791_20240520_181700.wav,153,156,12.63798,D4-4_11791,D4-4,,KAAM_ANIA
/media/kiwi/datasets/finalized/kaua2024a/AKEK_grid/D5-0_11442/Data/SMM11442_20240325_095700.wav,198,201,4.5940714,D5-0_11442,D5-0,,u
/media/kiwi/datasets/finalized/kaua2024a/AKEK_grid/D5-0_11442/Data/SMM11442_20240511_132000.wav,228,231,5.332212,D5-0_11442,D5-0,,0
/media/kiwi/datasets/finalized/kaua2024a/AKEK_grid/D5-0_11442/Data/SMM11442_20240511_132000.wav,231,234,7.0941133,D5-0_11442,D5-0,,0
/media/kiwi/datasets/finalized/kaua2024a/AKEK_grid/D5-0_11442/Data/SMM11442_20240514_091900.wav,219,222,3.8461292,D5-0_11442,D5-0,,ANIA_song
/media/kiwi/datasets/finalized/kaua2024a/AKEK_grid/D5-0_11442/Data/SMM11442_20240530_161400.wav,33,36,6.952424,D5-0_11442,D5-0,,0
/media/kiwi/datasets/finalized/kaua2024a/AKEK_grid/D5-4_11471/Data/SMM11471_20240319_070300.wav,213,216,12.196511,D5-4_11471,D5-4,,KAAM_song
/media/kiwi/datasets/finalized/kaua2024a/AKEK_grid/D5-4_11471/Data/SMM11471_20240416_103700.wav,0,3,11.752869,D5-4_11471,D5-4,,KAAM_song
/media/kiwi/datasets/finalized/kaua2024a/AKEK_grid/D5-4_11471/Data/SMM11471_20240525_181500.wav,177,180,11.73247,D5-4_11471,D5-4,,KAAM_song
/media/kiwi/datasets/finalized/kaua2024a/AKEK_grid/D5-4_11471/Data/SMM11471_20240527_181500.wav,51,54,11.9293165,D5-4_11471,D5-4,,KAAM_song
/media/kiwi/datasets/finalized/kaua2024a/AKEK_grid/D5-4_11471/Data/SMM11471_20240602_111400.wav,129,132,11.957282,D5-4_11471,D5-4,,KAAM_song
/media/kiwi/datasets/finalized/kaua2024a/AKEK_grid/D6-0_11879/Data/SMM11879_20240509_102100.wav,3,6,11.424195,D6-0_11879,D6-0,,ANIA_song
/media/kiwi/datasets/finalized/kaua2024a/AKEK_grid/D6-0_11879/Data/SMM11879_20240513_081900.wav,60,63,11.346003,D6-0_11879,D6-0,,ANIA_song
/media/kiwi/datasets/finalized/kaua2024a/AKEK_grid/D6-0_11879/Data/SMM11879_20240513_081900.wav,195,198,16.70909,D6-0_11879,D6-0,,ANIA_song
/media/kiwi/datasets/finalized/kaua2024a/AKEK_grid/D6-0_11879/Data/SMM11879_20240606_101400.wav,147,150,11.474642,D6-0_11879,D6-0,,ANIA_song
/media/kiwi/datasets/finalized/kaua2024a/AKEK_grid/D6-0_11879/Data/SMM11879_20240606_101400.wav,210,213,13.227844,D6-0_11879,D6-0,,ANIA_song
/media/kiwi/datasets/finalized/kaua2024a/AKEK_grid/D6-2-additional_11923/Data/SMM11923_20240321_080100.wav,201,204,12.650619,D6-2-additional_11923,D6-2-additional,check,AKEK_song?
/media/kiwi/datasets/finalized/kaua2024a/AKEK_grid/D6-2-additional_11923/Data/SMM11923_20240421_073300.wav,219,222,12.392814,D6-2-additional_11923,D6-2-additional,,u
/media/kiwi/datasets/finalized/kaua2024a/AKEK_grid/D6-2-additional_11923/Data/SMM11923_20240421_073300.wav,225,228,10.047879,D6-2-additional_11923,D6-2-additional,check,AKEK_song?
/media/kiwi/datasets/finalized/kaua2024a/AKEK_grid/D6-2-additional_11923/Data/SMM11923_20240520_191700.wav,72,75,9.319202,D6-2-additional_11923,D6-2-additional,,ANIA_song
/media/kiwi/datasets/finalized/kaua2024a/AKEK_grid/D6-2-additional_11923/Data/SMM11923_20240521_061600.wav,15,18,8.625333,D6-2-additional_11923,D6-2-additional,,ANIA_song
/media/kiwi/datasets/finalized/kaua2024a/AKEK_grid/E5-0_11439/Data/SMM11439_20240508_122200.wav,45,48,2.2698443,E5-0_11439,E5-0,,ANIA_song
/media/kiwi/datasets/finalized/kaua2024a/AKEK_grid/E5-0_11439/Data/SMM11439_20240522_141600.wav,72,75,3.8593528,E5-0_11439,E5-0,,ANIA_song
/media/kiwi/datasets/finalized/kaua2024a/AKEK_grid/E5-0_11439/Data/SMM11439_20240522_141600.wav,75,78,4.9587235,E5-0_11439,E5-0,,ANIA_song
/media/kiwi/datasets/finalized/kaua2024a/AKEK_grid/E5-0_11439/Data/SMM11439_20240524_111600.wav,219,222,7.565779,E5-0_11439,E5-0,distant honeycreeper song,u
/media/kiwi/datasets/finalized/kaua2024a/AKEK_grid/E5-0_11439/Data/SMM11439_20240526_131500.wav,198,201,5.8969545,E5-0_11439,E5-0,honeycreeper song,u
/media/kiwi/datasets/finalized/kaua2024a/AKEK_grid/E5-1_11797/Data/SMM11797_20240428_142800.wav,207,210,13.128127,E5-1_11797,E5-1,,AKEK_song
/media/kiwi/datasets/finalized/kaua2024a/AKEK_grid/E5-1_11797/Data/SMM11797_20240430_092700.wav,105,108,12.889275,E5-1_11797,E5-1,,AKEK_song
/media/kiwi/datasets/finalized/kaua2024a/AKEK_grid/E5-1_11797/Data/SMM11797_20240430_092700.wav,138,141,12.147258,E5-1_11797,E5-1,,AKEK_song
/media/kiwi/datasets/finalized/kaua2024a/AKEK_grid/E5-1_11797/Data/SMM11797_20240519_131700.wav,69,72,12.944313,E5-1_11797,E5-1,,AKEK_song
/media/kiwi/datasets/finalized/kaua2024a/AKEK_grid/E5-1_11797/Data/SMM11797_20240522_101600.wav,114,117,12.213962,E5-1_11797,E5-1,,AKEK_song
/media/kiwi/datasets/finalized/kaua2024a/AKEK_grid/E6-0_11800/Data/SMM11800_20240326_105600.wav,132,135,11.7756195,E6-0_11800,E6-0,,ANIA_song
/media/kiwi/datasets/finalized/kaua2024a/AKEK_grid/E6-0_11800/Data/SMM11800_20240429_122700.wav,168,171,11.951983,E6-0_11800,E6-0,,ANIA_song
/media/kiwi/datasets/finalized/kaua2024a/AKEK_grid/E6-0_11800/Data/SMM11800_20240510_162100.wav,138,141,12.66925,E6-0_11800,E6-0,,ANIA_song
/media/kiwi/datasets/finalized/kaua2024a/AKEK_grid/E6-0_11800/Data/SMM11800_20240605_161400.wav,162,165,13.643633,E6-0_11800,E6-0,,playback
/media/kiwi/datasets/finalized/kaua2024a/AKEK_grid/E6-0_11800/Data/SMM11800_20240605_161400.wav,168,171,12.791285,E6-0_11800,E6-0,,playback
/media/kiwi/datasets/finalized/kaua2024a/AKEK_grid/E6-3_11851/Data/SMM11851_20240311_151000.wav,45,48,9.23181,E6-3_11851,E6-3,,ANIA_song
/media/kiwi/datasets/finalized/kaua2024a/AKEK_grid/E6-3_11851/Data/SMM11851_20240512_162000.wav,225,228,8.228634,E6-3_11851,E6-3,,ANIA_song
/media/kiwi/datasets/finalized/kaua2024a/AKEK_grid/E6-3_11851/Data/SMM11851_20240512_162000.wav,234,237,9.779844,E6-3_11851,E6-3,,ANIA_song
/media/kiwi/datasets/finalized/kaua2024a/AKEK_grid/E6-3_11851/Data/SMM11851_20240519_181700.wav,159,162,10.322033,E6-3_11851,E6-3,,ANIA_song
/media/kiwi/datasets/finalized/kaua2024a/AKEK_grid/E6-3_11851/Data/SMM11851_20240519_181700.wav,201,204,9.810692,E6-3_11851,E6-3,,ANIA_song
/media/kiwi/datasets/finalized/kaua2024a/AKEK_grid/E7-0_11847/Data/SMM11847_20240502_122500.wav,162,165,8.686445,E7-0_11847,E7-0,,ANIA_song
/media/kiwi/datasets/finalized/kaua2024a/AKEK_grid/E7-0_11847/Data/SMM11847_20240502_122500.wav,216,219,6.558456,E7-0_11847,E7-0,,ANIA_song
/media/kiwi/datasets/finalized/kaua2024a/AKEK_grid/E7-0_11847/Data/SMM11847_20240523_131600.wav,123,126,6.1818147,E7-0_11847,E7-0,,ANIA_song
/media/kiwi/datasets/finalized/kaua2024a/AKEK_grid/E7-0_11847/Data/SMM11847_20240523_131600.wav,135,138,6.3145285,E7-0_11847,E7-0,,ANIA_song
/media/kiwi/datasets/finalized/kaua2024a/AKEK_grid/E7-0_11847/Data/SMM11847_20240523_131600.wav,147,150,6.534856,E7-0_11847,E7-0,,ANIA_song
/media/kiwi/datasets/finalized/kaua2024a/AKEK_grid/E7-2-extra_11917/Data/SMM11917_20240416_133700.wav,150,153,9.01993,E7-2-extra_11917,E7-2-extra,,ANIA_song
/media/kiwi/datasets/finalized/kaua2024a/AKEK_grid/E7-2-extra_11917/Data/SMM11917_20240501_122600.wav,3,6,8.949478,E7-2-extra_11917,E7-2-extra,,ANIA_song
/media/kiwi/datasets/finalized/kaua2024a/AKEK_grid/E7-2-extra_11917/Data/SMM11917_20240502_162500.wav,102,105,8.44011,E7-2-extra_11917,E7-2-extra,,ANIA_song
/media/kiwi/datasets/finalized/kaua2024a/AKEK_grid/E7-2-extra_11917/Data/SMM11917_20240612_121400.wav,99,102,8.2502165,E7-2-extra_11917,E7-2-extra,,ANIA_song
/media/kiwi/datasets/finalized/kaua2024a/AKEK_grid/E7-2-extra_11917/Data/SMM11917_20240616_161500.wav,198,201,8.630106,E7-2-extra_11917,E7-2-extra,,ANIA_song
/media/kiwi/datasets/finalized/kaua2024a/AKEK_grid/E7-2_11912/Data/SMM11912_20240502_140500.wav,1140,1143,8.170514,E7-2_11912,E7-2,,ANIA_song?
/media/kiwi/datasets/finalized/kaua2024a/AKEK_grid/E7-2_11912/Data/SMM11912_20240502_160500.wav,1668,1671,7.919638,E7-2_11912,E7-2,,ANIA_song?
/media/kiwi/datasets/finalized/kaua2024a/AKEK_grid/E7-2_11912/Data/SMM11912_20240502_170500.wav,219,222,7.69778,E7-2_11912,E7-2,,ANIA_song?
/media/kiwi/datasets/finalized/kaua2024a/AKEK_grid/E7-2_11912/Data/SMM11912_20240503_060500.wav,1890,1893,7.851674,E7-2_11912,E7-2,,ANIA_song?
/media/kiwi/datasets/finalized/kaua2024a/AKEK_grid/E7-2_11912/Data/SMM11912_20240503_140500.wav,2265,2268,8.724734,E7-2_11912,E7-2,,ANIA_song?
/media/kiwi/datasets/finalized/kaua2024a/AKEK_grid/F5-0_11857/Data/SMM11857_20240528_151500.wav,180,183,0.9885486,F5-0_11857,F5-0,,0
/media/kiwi/datasets/finalized/kaua2024a/AKEK_grid/F5-0_11857/Data/SMM11857_20240528_151500.wav,222,225,0.74798423,F5-0_11857,F5-0,,0
/media/kiwi/datasets/finalized/kaua2024a/AKEK_grid/F5-0_11857/Data/SMM11857_20240628_181800.wav,204,207,0.69462615,F5-0_11857,F5-0,,0
/media/kiwi/datasets/finalized/kaua2024a/AKEK_grid/F5-0_11857/Data/SMM11857_20240718_082500.wav,117,120,0.8570175,F5-0_11857,F5-0,,0
/media/kiwi/datasets/finalized/kaua2024a/AKEK_grid/F5-0_11857/Data/SMM11857_20240725_102800.wav,177,180,0.73591965,F5-0_11857,F5-0,,0
/media/kiwi/datasets/finalized/kaua2024a/AKEK_grid/F5-4_11910/Data/SMM11910_20240520_121700.wav,201,204,2.426278,F5-4_11910,F5-4,,0
/media/kiwi/datasets/finalized/kaua2024a/AKEK_grid/F5-4_11910/Data/SMM11910_20240520_121700.wav,204,207,1.6236213,F5-4_11910,F5-4,,0
/media/kiwi/datasets/finalized/kaua2024a/AKEK_grid/F5-4_11910/Data/SMM11910_20240524_101600.wav,228,231,1.8058542,F5-4_11910,F5-4,,0
/media/kiwi/datasets/finalized/kaua2024a/AKEK_grid/F5-4_11910/Data/SMM11910_20240529_151500.wav,96,99,1.7844731,F5-4_11910,F5-4,,0
/media/kiwi/datasets/finalized/kaua2024a/AKEK_grid/F5-4_11910/Data/SMM11910_20240530_081400.wav,69,72,1.519001,F5-4_11910,F5-4,,0
/media/kiwi/datasets/finalized/kaua2024a/AKEK_grid/F6-0_11794/Data/SMM11794_20240527_151500.wav,186,189,2.072549,F6-0_11794,F6-0,,0
/media/kiwi/datasets/finalized/kaua2024a/AKEK_grid/F6-0_11794/Data/SMM11794_20240528_091500.wav,129,132,2.6045585,F6-0_11794,F6-0,,0
/media/kiwi/datasets/finalized/kaua2024a/AKEK_grid/F6-0_11794/Data/SMM11794_20240604_171400.wav,21,24,1.0910293,F6-0_11794,F6-0,,0
/media/kiwi/datasets/finalized/kaua2024a/AKEK_grid/F6-0_11794/Data/SMM11794_20240605_121400.wav,12,15,5.280435,F6-0_11794,F6-0,,ANIA_song
/media/kiwi/datasets/finalized/kaua2024a/AKEK_grid/F6-0_11794/Data/SMM11794_20240606_141400.wav,81,84,1.484196,F6-0_11794,F6-0,,0
/media/kiwi/datasets/finalized/kaua2024a/AKEK_grid/F7-0_11920/Data/SMM11920_20240503_132500.wav,60,63,2.0492868,F7-0_11920,F7-0,,0
/media/kiwi/datasets/finalized/kaua2024a/AKEK_grid/F7-0_11920/Data/SMM11920_20240509_172100.wav,189,192,2.4665926,F7-0_11920,F7-0,,0
/media/kiwi/datasets/finalized/kaua2024a/AKEK_grid/F7-0_11920/Data/SMM11920_20240510_092100.wav,42,45,1.958873,F7-0_11920,F7-0,,0
/media/kiwi/datasets/finalized/kaua2024a/AKEK_grid/F7-0_11920/Data/SMM11920_20240520_161700.wav,84,87,1.9674635,F7-0_11920,F7-0,,0
/media/kiwi/datasets/finalized/kaua2024a/AKEK_grid/F7-0_11920/Data/SMM11920_20240607_171400.wav,210,213,2.0044072,F7-0_11920,F7-0,,0
/media/kiwi/datasets/finalized/kaua2024a/AKEK_grid/F7-2-extra_11455/Data/SMM11455_20240520_091700.wav,18,21,4.9151354,F7-2-extra_11455,F7-2-extra,,ANIA_song?
/media/kiwi/datasets/finalized/kaua2024a/AKEK_grid/F7-2-extra_11455/Data/SMM11455_20240520_091700.wav,24,27,4.546126,F7-2-extra_11455,F7-2-extra,,ANIA_song
/media/kiwi/datasets/finalized/kaua2024a/AKEK_grid/F7-2-extra_11455/Data/SMM11455_20240605_101400.wav,189,192,1.402346,F7-2-extra_11455,F7-2-extra,,0
/media/kiwi/datasets/finalized/kaua2024a/AKEK_grid/F7-2-extra_11455/Data/SMM11455_20240619_061500.wav,153,156,1.3556947,F7-2-extra_11455,F7-2-extra,,0
/media/kiwi/datasets/finalized/kaua2024a/AKEK_grid/F7-2-extra_11455/Data/SMM11455_20240619_121500.wav,189,192,1.9834837,F7-2-extra_11455,F7-2-extra,,0
/media/kiwi/datasets/finalized/kaua2024a/AKEK_grid/F8-0_11855/Data/SMM11855_20240404_134800.wav,231,234,3.7482789,F8-0_11855,F8-0,,0
/media/kiwi/datasets/finalized/kaua2024a/AKEK_grid/F8-0_11855/Data/SMM11855_20240429_102800.wav,180,183,3.7286642,F8-0_11855,F8-0,,u
/media/kiwi/datasets/finalized/kaua2024a/AKEK_grid/F8-0_11855/Data/SMM11855_20240429_102800.wav,186,189,5.91592,F8-0_11855,F8-0,,ANIA_song
/media/kiwi/datasets/finalized/kaua2024a/AKEK_grid/F8-0_11855/Data/SMM11855_20240429_102800.wav,192,195,5.259149,F8-0_11855,F8-0,,ANIA_song
/media/kiwi/datasets/finalized/kaua2024a/AKEK_grid/F8-0_11855/Data/SMM11855_20240429_102800.wav,195,198,4.237487,F8-0_11855,F8-0,,u
/media/kiwi/datasets/finalized/kaua2024a/AKEK_grid/F8-2_11868/Data/SMM11868_20240514_081900.wav,183,186,9.142943,F8-2_11868,F8-2,MELT imitating KAAM,0
/media/kiwi/datasets/finalized/kaua2024a/AKEK_grid/F8-2_11868/Data/SMM11868_20240528_061500.wav,141,144,10.1644335,F8-2_11868,F8-2,,ANIA_song
/media/kiwi/datasets/finalized/kaua2024a/AKEK_grid/F8-2_11868/Data/SMM11868_20240603_161400.wav,216,219,7.670282,F8-2_11868,F8-2,,ANIA_song
/media/kiwi/datasets/finalized/kaua2024a/AKEK_grid/F8-2_11868/Data/SMM11868_20240607_121400.wav,180,183,7.763482,F8-2_11868,F8-2,,ANIA_song
/media/kiwi/datasets/finalized/kaua2024a/AKEK_grid/F8-2_11868/Data/SMM11868_20240607_121400.wav,186,189,9.93804,F8-2_11868,F8-2,,ANIA_song
/media/kiwi/datasets/finalized/kaua2024a/AKEK_grid/G5-0_11460/Data/SMM11460_20240521_121600.wav,78,81,2.1156385,G5-0_11460,G5-0,,0
/media/kiwi/datasets/finalized/kaua2024a/AKEK_grid/G5-0_11460/Data/SMM11460_20240524_091600.wav,51,54,3.4894578,G5-0_11460,G5-0,,0
/media/kiwi/datasets/finalized/kaua2024a/AKEK_grid/G5-0_11460/Data/SMM11460_20240602_121400.wav,114,117,2.29132,G5-0_11460,G5-0,,0
/media/kiwi/datasets/finalized/kaua2024a/AKEK_grid/G5-0_11460/Data/SMM11460_20240703_071900.wav,216,219,2.4088058,G5-0_11460,G5-0,,0
/media/kiwi/datasets/finalized/kaua2024a/AKEK_grid/G5-0_11460/Data/SMM11460_20240804_113200.wav,189,192,2.476893,G5-0_11460,G5-0,,0
/media/kiwi/datasets/finalized/kaua2024a/AKEK_grid/G5-4_11463/Data/SMM11463_20240416_143700.wav,171,174,3.4710045,G5-4_11463,G5-4,,0
/media/kiwi/datasets/finalized/kaua2024a/AKEK_grid/G5-4_11463/Data/SMM11463_20240524_161600.wav,195,198,1.9136943,G5-4_11463,G5-4,,0
/media/kiwi/datasets/finalized/kaua2024a/AKEK_grid/G5-4_11463/Data/SMM11463_20240619_101500.wav,237,240,5.2588525,G5-4_11463,G5-4,,0
/media/kiwi/datasets/finalized/kaua2024a/AKEK_grid/G5-4_11463/Data/SMM11463_20240705_132000.wav,93,96,1.7895588,G5-4_11463,G5-4,,0
/media/kiwi/datasets/finalized/kaua2024a/AKEK_grid/G5-4_11463/Data/SMM11463_20240805_093200.wav,165,168,2.075436,G5-4_11463,G5-4,,0
/media/kiwi/datasets/finalized/kaua2024a/AKEK_grid/G6-0_11452/Data/SMM11452_20240412_184100.wav,138,141,10.961796,G6-0_11452,G6-0,,ANIA_song
/media/kiwi/datasets/finalized/kaua2024a/AKEK_grid/G6-0_11452/Data/SMM11452_20240428_142800.wav,33,36,10.563926,G6-0_11452,G6-0,,ANIA_song
/media/kiwi/datasets/finalized/kaua2024a/AKEK_grid/G6-0_11452/Data/SMM11452_20240511_112000.wav,87,90,16.234587,G6-0_11452,G6-0,,ANIA_song
/media/kiwi/datasets/finalized/kaua2024a/AKEK_grid/G6-0_11452/Data/SMM11452_20240524_111600.wav,42,45,11.685073,G6-0_11452,G6-0,,ANIA_song
/media/kiwi/datasets/finalized/kaua2024a/AKEK_grid/G6-0_11452/Data/SMM11452_20240526_101500.wav,231,234,10.623945,G6-0_11452,G6-0,"Song hard to ID, occurs at end of recording, but earlier there's a very good sounding call",AKEK_KAAM
/media/kiwi/datasets/finalized/kaua2024a/AKEK_grid/G6-4_11432/Data/SMM11432_20240416_123700.wav,63,66,11.119145,G6-4_11432,G6-4,,ANIA_song
/media/kiwi/datasets/finalized/kaua2024a/AKEK_grid/G6-4_11432/Data/SMM11432_20240422_183200.wav,51,54,10.477478,G6-4_11432,G6-4,,ANIA_song
/media/kiwi/datasets/finalized/kaua2024a/AKEK_grid/G6-4_11432/Data/SMM11432_20240422_183200.wav,54,57,10.224757,G6-4_11432,G6-4,,ANIA_song
/media/kiwi/datasets/finalized/kaua2024a/AKEK_grid/G6-4_11432/Data/SMM11432_20240422_183200.wav,72,75,10.810541,G6-4_11432,G6-4,,ANIA_song
/media/kiwi/datasets/finalized/kaua2024a/AKEK_grid/G6-4_11432/Data/SMM11432_20240429_122700.wav,48,51,10.236853,G6-4_11432,G6-4,,ANIA_song
/media/kiwi/datasets/finalized/kaua2024a/AKEK_grid/G7-0_11453/Data/SMM11453_20240422_073200.wav,117,120,7.5512056,G7-0_11453,G7-0,,KAAM_song?
/media/kiwi/datasets/finalized/kaua2024a/AKEK_grid/G7-0_11453/Data/SMM11453_20240422_073200.wav,120,123,7.897256,G7-0_11453,G7-0,,KAAM_song?
/media/kiwi/datasets/finalized/kaua2024a/AKEK_grid/G7-0_11453/Data/SMM11453_20240507_152200.wav,123,126,4.677181,G7-0_11453,G7-0,,KAAM_song?
/media/kiwi/datasets/finalized/kaua2024a/AKEK_grid/G7-0_11453/Data/SMM11453_20240606_161400.wav,126,129,4.8847613,G7-0_11453,G7-0,,KAAM_song?
/media/kiwi/datasets/finalized/kaua2024a/AKEK_grid/G7-0_11453/Data/SMM11453_20240606_161400.wav,135,138,8.92679,G7-0_11453,G7-0,,KAAM_song?
/media/kiwi/datasets/finalized/kaua2024a/AKEK_grid/G8-0_11908/Data/SMM11908_20240428_132800.wav,120,123,0.12800606,G8-0_11908,G8-0,,0
/media/kiwi/datasets/finalized/kaua2024a/AKEK_grid/G8-0_11908/Data/SMM11908_20240521_181600.wav,0,3,7.0422244,G8-0_11908,G8-0,,ANIA_song
/media/kiwi/datasets/finalized/kaua2024a/AKEK_grid/G8-0_11908/Data/SMM11908_20240611_151400.wav,69,72,0.044404842,G8-0_11908,G8-0,,0
/media/kiwi/datasets/finalized/kaua2024a/AKEK_grid/G9-0_11444/Data/SMM11444_20240430_112600.wav,132,135,8.2135515,G9-0_11444,G9-0,,0
/media/kiwi/datasets/finalized/kaua2024a/AKEK_grid/G9-0_11444/Data/SMM11444_20240524_131500.wav,189,192,8.15528,G9-0_11444,G9-0,,0
/media/kiwi/datasets/finalized/kaua2024a/AKEK_grid/G9-0_11444/Data/SMM11444_20240526_141500.wav,3,6,7.903979,G9-0_11444,G9-0,,0
/media/kiwi/datasets/finalized/kaua2024a/AKEK_grid/G9-0_11444/Data/SMM11444_20240607_111400.wav,69,72,7.982699,G9-0_11444,G9-0,,0
/media/kiwi/datasets/finalized/kaua2024a/AKEK_grid/G9-0_11444/Data/SMM11444_20240607_111400.wav,186,189,7.985888,G9-0_11444,G9-0,,0
/media/kiwi/datasets/finalized/kaua2024a/AKEK_grid/H10-0_11438/Data/SMM11438_20240416_143700.wav,90,93,0.17885926,H10-0_11438,H10-0,,0
/media/kiwi/datasets/finalized/kaua2024a/AKEK_grid/H10-0_11438/Data/SMM11438_20240606_141400.wav,153,156,1.2935556,H10-0_11438,H10-0,,0
/media/kiwi/datasets/finalized/kaua2024a/AKEK_grid/H6-0_11434/Data/SMM11434_20240412_154100.wav,60,63,11.586496,H6-0_11434,H6-0,,KAAM_song
/media/kiwi/datasets/finalized/kaua2024a/AKEK_grid/H6-0_11434/Data/SMM11434_20240412_154100.wav,60,63,11.586496,H6-0_11434,H6-0,,KAAM_song?
/media/kiwi/datasets/finalized/kaua2024a/AKEK_grid/H6-0_11434/Data/SMM11434_20240416_103700.wav,177,180,7.5945473,H6-0_11434,H6-0,honeycreeper song,u
/media/kiwi/datasets/finalized/kaua2024a/AKEK_grid/H6-0_11434/Data/SMM11434_20240417_083600.wav,189,192,7.9683185,H6-0_11434,H6-0,,u
/media/kiwi/datasets/finalized/kaua2024a/AKEK_grid/H6-0_11434/Data/SMM11434_20240512_132000.wav,21,24,6.746886,H6-0_11434,H6-0,could be AKEK song,KAAM_song
/media/kiwi/datasets/finalized/kaua2024a/AKEK_grid/H6-0_11434/Data/SMM11434_20240608_121400.wav,75,78,6.957856,H6-0_11434,H6-0,honeycreeper song,u
/media/kiwi/datasets/finalized/kaua2024a/AKEK_grid/H6-4_11454/Data/SMM11454_20240604_131400.wav,3,6,6.656486,H6-4_11454,H6-4,distant,u
/media/kiwi/datasets/finalized/kaua2024a/AKEK_grid/H6-4_11454/Data/SMM11454_20240605_101400.wav,228,231,7.0734305,H6-4_11454,H6-4,,KAAM_song?
/media/kiwi/datasets/finalized/kaua2024a/AKEK_grid/H6-4_11454/Data/SMM11454_20240605_121400.wav,42,45,6.762643,H6-4_11454,H6-4,,KAAM_song?
/media/kiwi/datasets/finalized/kaua2024a/AKEK_grid/H6-4_11454/Data/SMM11454_20240605_121400.wav,45,48,9.890645,H6-4_11454,H6-4,,KAAM_ANIA
/media/kiwi/datasets/finalized/kaua2024a/AKEK_grid/H6-4_11454/Data/SMM11454_20240608_141400.wav,129,132,7.7139544,H6-4_11454,H6-4,,KAAM_song?
/media/kiwi/datasets/finalized/kaua2024a/AKEK_grid/H7-0_11456/Data/SMM11456_20240329_115300.wav,99,102,3.9779725,H7-0_11456,H7-0,distant honeycreeper song,u
/media/kiwi/datasets/finalized/kaua2024a/AKEK_grid/H7-0_11456/Data/SMM11456_20240331_125100.wav,69,72,3.118306,H7-0_11456,H7-0,,u
/media/kiwi/datasets/finalized/kaua2024a/AKEK_grid/H7-0_11456/Data/SMM11456_20240427_152900.wav,51,54,2.1696944,H7-0_11456,H7-0,not honeycreeper?,u
/media/kiwi/datasets/finalized/kaua2024a/AKEK_grid/H7-0_11456/Data/SMM11456_20240430_132700.wav,99,102,3.1944206,H7-0_11456,H7-0,,ANIA_song
/media/kiwi/datasets/finalized/kaua2024a/AKEK_grid/H7-0_11456/Data/SMM11456_20240605_151400.wav,138,141,3.481568,H7-0_11456,H7-0,,ANIA_song
/media/kiwi/datasets/finalized/kaua2024a/AKEK_grid/H7-3_11436/Data/SMM11436_20240413_084000.wav,231,234,9.724689,H7-3_11436,H7-3,,ANIA_song?
/media/kiwi/datasets/finalized/kaua2024a/AKEK_grid/H7-3_11436/Data/SMM11436_20240420_063400.wav,36,39,10.7508,H7-3_11436,H7-3,,ANIA_song?
/media/kiwi/datasets/finalized/kaua2024a/AKEK_grid/H7-3_11436/Data/SMM11436_20240426_172900.wav,216,219,12.391007,H7-3_11436,H7-3,,ANIA_song
/media/kiwi/datasets/finalized/kaua2024a/AKEK_grid/H7-3_11436/Data/SMM11436_20240528_181500.wav,222,225,10.726519,H7-3_11436,H7-3,,ANIA_song
/media/kiwi/datasets/finalized/kaua2024a/AKEK_grid/H7-3_11436/Data/SMM11436_20240604_151400.wav,18,21,9.754428,H7-3_11436,H7-3,,ANIA_song?
/media/kiwi/datasets/finalized/kaua2024a/AKEK_grid/H8-0_11446/Data/SMM11446_20240502_112500.wav,126,129,11.434656,H8-0_11446,H8-0,,KAAM_song?
/media/kiwi/datasets/finalized/kaua2024a/AKEK_grid/H8-0_11446/Data/SMM11446_20240502_112500.wav,132,135,9.943647,H8-0_11446,H8-0,,KAAM_song?
/media/kiwi/datasets/finalized/kaua2024a/AKEK_grid/H8-0_11446/Data/SMM11446_20240502_112500.wav,150,153,9.949748,H8-0_11446,H8-0,,KAAM_song?
/media/kiwi/datasets/finalized/kaua2024a/AKEK_grid/H8-0_11446/Data/SMM11446_20240502_152500.wav,30,33,10.204349,H8-0_11446,H8-0,,KAAM_song?
/media/kiwi/datasets/finalized/kaua2024a/AKEK_grid/H8-0_11446/Data/SMM11446_20240529_131400.wav,225,228,9.91114,H8-0_11446,H8-0,honeycreeper song,u
/media/kiwi/datasets/finalized/kaua2024a/AKEK_grid/H8-4-additional_11467/Data/SMM11467_20240412_134000.wav,30,33,11.425536,H8-4-additional_11467,H8-4-additional,,ANIA_song
/media/kiwi/datasets/finalized/kaua2024a/AKEK_grid/H8-4-additional_11467/Data/SMM11467_20240509_072100.wav,36,39,11.262286,H8-4-additional_11467,H8-4-additional,,ANIA_song
/media/kiwi/datasets/finalized/kaua2024a/AKEK_grid/H8-4-additional_11467/Data/SMM11467_20240517_131800.wav,6,9,10.456996,H8-4-additional_11467,H8-4-additional,,ANIA_song
/media/kiwi/datasets/finalized/kaua2024a/AKEK_grid/H8-4-additional_11467/Data/SMM11467_20240607_111400.wav,201,204,11.442714,H8-4-additional_11467,H8-4-additional,,AKEK_KAAM
/media/kiwi/datasets/finalized/kaua2024a/AKEK_grid/H8-4-additional_11467/Data/SMM11467_20240607_111400.wav,225,228,10.721903,H8-4-additional_11467,H8-4-additional,,AKEK_KAAM
/media/kiwi/datasets/finalized/kaua2024a/AKEK_grid/H9-3-additional_11524/Data/SMM11524_20240513_091900.wav,186,189,3.740092,H9-3-additional_11524,H9-3-additional,"distant, simple rising song",ANIA_song?
/media/kiwi/datasets/finalized/kaua2024a/AKEK_grid/H9-3-additional_11524/Data/SMM11524_20240513_091900.wav,189,192,3.5662599,H9-3-additional_11524,H9-3-additional,,ANIA_song?
/media/kiwi/datasets/finalized/kaua2024a/AKEK_grid/H9-3-additional_11524/Data/SMM11524_20240605_071400.wav,102,105,5.177098,H9-3-additional_11524,H9-3-additional,"distant, simple rising song",u
/media/kiwi/datasets/finalized/kaua2024a/AKEK_grid/H9-3-additional_11524/Data/SMM11524_20240605_141400.wav,120,123,3.4106786,H9-3-additional_11524,H9-3-additional,,u
/media/kiwi/datasets/finalized/kaua2024a/AKEK_grid/H9-3-additional_11524/Data/SMM11524_20240610_071400.wav,21,24,1.5779676,H9-3-additional_11524,H9-3-additional,some sort of begging call?,0
/media/kiwi/datasets/finalized/kaua2024a/AKEK_grid/I6-0_11466/Data/SMM11466_20240410_174200.wav,63,66,3.699709,I6-0_11466,I6-0,,u
/media/kiwi/datasets/finalized/kaua2024a/AKEK_grid/I6-0_11466/Data/SMM11466_20240602_141400.wav,6,9,2.1598492,I6-0_11466,I6-0,,0
/media/kiwi/datasets/finalized/kaua2024a/AKEK_grid/I6-0_11466/Data/SMM11466_20240602_141400.wav,120,123,2.954493,I6-0_11466,I6-0,,u
/media/kiwi/datasets/finalized/kaua2024a/AKEK_grid/I6-0_11466/Data/SMM11466_20240603_171400.wav,60,63,1.023815,I6-0_11466,I6-0,,0
/media/kiwi/datasets/finalized/kaua2024a/AKEK_grid/I6-0_11466/Data/SMM11466_20240605_091400.wav,81,84,2.013554,I6-0_11466,I6-0,,0
/media/kiwi/datasets/finalized/kaua2024a/AKEK_grid/I6-1_11426/Data/SMM11426_20240413_144000.wav,147,150,9.865245,I6-1_11426,I6-1,,KAAM_song
/media/kiwi/datasets/finalized/kaua2024a/AKEK_grid/I6-1_11426/Data/SMM11426_20240415_183800.wav,90,93,10.460251,I6-1_11426,I6-1,,KAAM_song
/media/kiwi/datasets/finalized/kaua2024a/AKEK_grid/I6-1_11426/Data/SMM11426_20240501_072600.wav,114,117,9.603786,I6-1_11426,I6-1,,KAAM_song
/media/kiwi/datasets/finalized/kaua2024a/AKEK_grid/I6-1_11426/Data/SMM11426_20240501_072600.wav,141,144,8.884673,I6-1_11426,I6-1,,KAAM_song
/media/kiwi/datasets/finalized/kaua2024a/AKEK_grid/I6-1_11426/Data/SMM11426_20240501_072600.wav,168,171,8.413177,I6-1_11426,I6-1,,KAAM_song
/media/kiwi/datasets/finalized/kaua2024a/AKEK_grid/I7-0_11458/Data/SMM11458_20240408_154400.wav,42,45,11.15797,I7-0_11458,I7-0,unusual honeycreeper song type,u
/media/kiwi/datasets/finalized/kaua2024a/AKEK_grid/I7-0_11458/Data/SMM11458_20240408_154400.wav,57,60,11.8893585,I7-0_11458,I7-0,unusual honeycreeper song type,u
/media/kiwi/datasets/finalized/kaua2024a/AKEK_grid/I7-0_11458/Data/SMM11458_20240426_052900.wav,81,84,11.857135,I7-0_11458,I7-0,,KAAM_song
/media/kiwi/datasets/finalized/kaua2024a/AKEK_grid/I7-0_11458/Data/SMM11458_20240426_052900.wav,180,183,10.507093,I7-0_11458,I7-0,,KAAM_song
/media/kiwi/datasets/finalized/kaua2024a/AKEK_grid/I7-0_11458/Data/SMM11458_20240428_082800.wav,45,48,11.6156225,I7-0_11458,I7-0,,KAAM_song
/media/kiwi/datasets/finalized/kaua2024a/AKEK_grid/I7-3_11447/Data/SMM11447_20240416_093700.wav,72,75,4.973825,I7-3_11447,I7-3,,ANIA_song
/media/kiwi/datasets/finalized/kaua2024a/AKEK_grid/I7-3_11447/Data/SMM11447_20240416_093700.wav,75,78,5.4554453,I7-3_11447,I7-3,,ANIA_song
/media/kiwi/datasets/finalized/kaua2024a/AKEK_grid/I7-3_11447/Data/SMM11447_20240522_141600.wav,63,66,1.5823487,I7-3_11447,I7-3,,0
/media/kiwi/datasets/finalized/kaua2024a/AKEK_grid/I7-3_11447/Data/SMM11447_20240602_131400.wav,69,72,0.9661657,I7-3_11447,I7-3,,0
/media/kiwi/datasets/finalized/kaua2024a/AKEK_grid/I7-3_11447/Data/SMM11447_20240605_131400.wav,237,240,4.573341,I7-3_11447,I7-3,,u
/media/kiwi/datasets/finalized/kaua2024a/AKEK_grid/I8-0_11531/Data/SMM11531_20240413_124000.wav,48,51,12.071958,I8-0_11531,I8-0,,KAAM_song
/media/kiwi/datasets/finalized/kaua2024a/AKEK_grid/I8-0_11531/Data/SMM11531_20240413_124000.wav,81,84,12.121256,I8-0_11531,I8-0,,KAAM_song
/media/kiwi/datasets/finalized/kaua2024a/AKEK_grid/I8-0_11531/Data/SMM11531_20240417_123600.wav,168,171,13.206235,I8-0_11531,I8-0,,KAAM_song
/media/kiwi/datasets/finalized/kaua2024a/AKEK_grid/I8-0_11531/Data/SMM11531_20240417_123600.wav,237,240,13.3610735,I8-0_11531,I8-0,,KAAM_song?
/media/kiwi/datasets/finalized/kaua2024a/AKEK_grid/I8-0_11531/Data/SMM11531_20240502_162500.wav,0,3,12.195243,I8-0_11531,I8-0,,KAAM_song
/media/kiwi/datasets/finalized/kaua2024a/AKEK_grid/I8-2-additional_11450/Data/SMM11450_20240423_163200.wav,201,204,10.931625,I8-2-additional_11450,I8-2-additional,,KAAM_song
/media/kiwi/datasets/finalized/kaua2024a/AKEK_grid/I8-2-additional_11450/Data/SMM11450_20240429_132700.wav,198,201,10.921383,I8-2-additional_11450,I8-2-additional,,KAAM_song
/media/kiwi/datasets/finalized/kaua2024a/AKEK_grid/I8-2-additional_11450/Data/SMM11450_20240505_092300.wav,75,78,11.568329,I8-2-additional_11450,I8-2-additional,,KAAM_song
/media/kiwi/datasets/finalized/kaua2024a/AKEK_grid/I8-2-additional_11450/Data/SMM11450_20240515_161800.wav,39,42,11.780757,I8-2-additional_11450,I8-2-additional,,KAAM_song
/media/kiwi/datasets/finalized/kaua2024a/AKEK_grid/I8-2-additional_11450/Data/SMM11450_20240525_091500.wav,156,159,12.548351,I8-2-additional_11450,I8-2-additional,,KAAM_song
/media/kiwi/datasets/finalized/kaua2024a/AKEK_grid/I9-0_11461/Data/SMM11461_20240417_183600.wav,21,24,4.1363087,I9-0_11461,I9-0,,0
/media/kiwi/datasets/finalized/kaua2024a/AKEK_grid/I9-0_11461/Data/SMM11461_20240417_183600.wav,135,138,3.9071596,I9-0_11461,I9-0,,0
/media/kiwi/datasets/finalized/kaua2024a/AKEK_grid/I9-0_11461/Data/SMM11461_20240417_183600.wav,198,201,4.4933167,I9-0_11461,I9-0,,0
/media/kiwi/datasets/finalized/kaua2024a/AKEK_grid/I9-0_11461/Data/SMM11461_20240512_182000.wav,9,12,5.405702,I9-0_11461,I9-0,,0
/media/kiwi/datasets/finalized/kaua2024a/AKEK_grid/I9-0_11461/Data/SMM11461_20240519_161700.wav,138,141,4.1481752,I9-0_11461,I9-0,,0
/media/kiwi/datasets/finalized/kaua2024a/AKEK_grid/I9-2_11428/Data/SMM11428_20240429_082700.wav,192,195,10.330987,I9-2_11428,I9-2,"honeycreeper song 2 parts, rising",ANIA_song?
/media/kiwi/datasets/finalized/kaua2024a/AKEK_grid/I9-2_11428/Data/SMM11428_20240430_132700.wav,48,51,10.678084,I9-2_11428,I9-2,honeycreeper song ,u
/media/kiwi/datasets/finalized/kaua2024a/AKEK_grid/I9-2_11428/Data/SMM11428_20240504_082400.wav,9,12,10.849716,I9-2_11428,I9-2,,ANIA_song
/media/kiwi/datasets/finalized/kaua2024a/AKEK_grid/I9-2_11428/Data/SMM11428_20240510_192100.wav,54,57,11.490054,I9-2_11428,I9-2,,ANIA_song
/media/kiwi/datasets/finalized/kaua2024a/AKEK_grid/I9-2_11428/Data/SMM11428_20240524_091500.wav,237,240,12.194018,I9-2_11428,I9-2,,ANIA_song
/media/kiwi/datasets/finalized/kaua2024a/PUAI_OS/OS-HH-01_14288/Data/SMM14288_20240522_151600.wav,69,72,9.503909,OS-HH-01_14288,OS-HH-01,,ANIA_song?
/media/kiwi/datasets/finalized/kaua2024a/PUAI_OS/OS-HH-01_14288/Data/SMM14288_20240605_111400.wav,195,198,11.038116,OS-HH-01_14288,OS-HH-01,,KAAM_song
/media/kiwi/datasets/finalized/kaua2024a/PUAI_OS/OS-HH-01_14288/Data/SMM14288_20240607_111400.wav,111,114,9.588208,OS-HH-01_14288,OS-HH-01,,KAAM_song
/media/kiwi/datasets/finalized/kaua2024a/PUAI_OS/OS-HH-01_14288/Data/SMM14288_20240607_111400.wav,135,138,9.895198,OS-HH-01_14288,OS-HH-01,,KAAM_song
/media/kiwi/datasets/finalized/kaua2024a/PUAI_OS/OS-HH-01_14288/Data/SMM14288_20240607_171400.wav,30,33,9.6217985,OS-HH-01_14288,OS-HH-01,,KAAM_song
/media/kiwi/datasets/finalized/kaua2024a/PUAI_OS/OS-HH-05_11864/Data/SMM11864_20240520_091700.wav,12,15,8.216789,OS-HH-05_11864,OS-HH-05,simple upsloped song,u
/media/kiwi/datasets/finalized/kaua2024a/PUAI_OS/OS-HH-05_11864/Data/SMM11864_20240520_091700.wav,48,51,8.957054,OS-HH-05_11864,OS-HH-05,simple upsloped song,u
/media/kiwi/datasets/finalized/kaua2024a/PUAI_OS/OS-HH-05_11864/Data/SMM11864_20240520_091700.wav,120,123,8.002102,OS-HH-05_11864,OS-HH-05,simple upsloped song,u
/media/kiwi/datasets/finalized/kaua2024a/PUAI_OS/OS-HH-05_11864/Data/SMM11864_20240520_091700.wav,237,240,10.664275,OS-HH-05_11864,OS-HH-05,simple upsloped song,u
/media/kiwi/datasets/finalized/kaua2024a/PUAI_OS/OS-HH-05_11864/Data/SMM11864_20240617_161500.wav,192,195,8.231406,OS-HH-05_11864,OS-HH-05,simple upsloped song,u
/media/kiwi/datasets/finalized/kaua2024a/PUAI_OS/OS-HH-07_14352/Data/SMM14352_20240521_171700.wav,228,231,9.609012,OS-HH-07_14352,OS-HH-07,,u
/media/kiwi/datasets/finalized/kaua2024a/PUAI_OS/OS-HH-07_14352/Data/SMM14352_20240522_091600.wav,114,117,9.4906025,OS-HH-07_14352,OS-HH-07,,ANIA_song
/media/kiwi/datasets/finalized/kaua2024a/PUAI_OS/OS-HH-07_14352/Data/SMM14352_20240527_101500.wav,24,27,8.790917,OS-HH-07_14352,OS-HH-07,simple upsloped song,KAAM_song?
/media/kiwi/datasets/finalized/kaua2024a/PUAI_OS/OS-HH-07_14352/Data/SMM14352_20240613_161500.wav,12,15,10.201284,OS-HH-07_14352,OS-HH-07,simple upsloped song,KAAM_song?
/media/kiwi/datasets/finalized/kaua2024a/PUAI_OS/OS-HH-07_14352/Data/SMM14352_20240613_161500.wav,45,48,11.660621,OS-HH-07_14352,OS-HH-07,simple upsloped song,KAAM_song?
/media/kiwi/datasets/finalized/kaua2024a/PUAI_OS/OS-HH-09_14234/Data/SMM14234_20240604_181400.wav,105,108,11.814669,OS-HH-09_14234,OS-HH-09,,KAAM_song?
/media/kiwi/datasets/finalized/kaua2024a/PUAI_OS/OS-HH-09_14234/Data/SMM14234_20240608_101400.wav,48,51,12.201383,OS-HH-09_14234,OS-HH-09,,KAAM_song?
/media/kiwi/datasets/finalized/kaua2024a/PUAI_OS/OS-HH-09_14234/Data/SMM14234_20240612_181400.wav,204,207,12.517059,OS-HH-09_14234,OS-HH-09,,KAAM_song?
/media/kiwi/datasets/finalized/kaua2024a/PUAI_OS/OS-HH-09_14234/Data/SMM14234_20240624_111600.wav,132,135,13.422765,OS-HH-09_14234,OS-HH-09,,KAAM_song?
/media/kiwi/datasets/finalized/kaua2024a/PUAI_OS/OS-HH-09_14234/Data/SMM14234_20240627_181700.wav,210,213,12.165055,OS-HH-09_14234,OS-HH-09,,KAAM_song?
/media/kiwi/datasets/finalized/kaua2024a/PUAI_OS/OS-HH-11_14261/Data/SMM14261_20240513_131900.wav,69,72,10.984314,OS-HH-11_14261,OS-HH-11,,KAAM_song?
/media/kiwi/datasets/finalized/kaua2024a/PUAI_OS/OS-HH-11_14261/Data/SMM14261_20240513_131900.wav,72,75,14.709963,OS-HH-11_14261,OS-HH-11,,KAAM_song?
/media/kiwi/datasets/finalized/kaua2024a/PUAI_OS/OS-HH-11_14261/Data/SMM14261_20240515_091800.wav,0,3,10.470302,OS-HH-11_14261,OS-HH-11,,KAAM_song?
/media/kiwi/datasets/finalized/kaua2024a/PUAI_OS/OS-HH-11_14261/Data/SMM14261_20240515_151800.wav,216,219,9.576196,OS-HH-11_14261,OS-HH-11,,KAAM_song?
/media/kiwi/datasets/finalized/kaua2024a/PUAI_OS/OS-HH-11_14261/Data/SMM14261_20240523_091600.wav,180,183,11.437068,OS-HH-11_14261,OS-HH-11,,KAAM_song?
/media/kiwi/datasets/finalized/kaua2024a/PUAI_OS/OS-HH-13_14348/Data/SMM14348_20240510_092100.wav,114,117,10.289856,OS-HH-13_14348,OS-HH-13,,KAAM_song?
/media/kiwi/datasets/finalized/kaua2024a/PUAI_OS/OS-HH-13_14348/Data/SMM14348_20240512_132000.wav,48,51,7.8522706,OS-HH-13_14348,OS-HH-13,,KAAM_song?
/media/kiwi/datasets/finalized/kaua2024a/PUAI_OS/OS-HH-13_14348/Data/SMM14348_20240512_132000.wav,87,90,7.8411155,OS-HH-13_14348,OS-HH-13,,KAAM_song?
/media/kiwi/datasets/finalized/kaua2024a/PUAI_OS/OS-HH-13_14348/Data/SMM14348_20240512_142000.wav,102,105,8.722311,OS-HH-13_14348,OS-HH-13,,KAAM_song?
/media/kiwi/datasets/finalized/kaua2024a/PUAI_OS/OS-HH-13_14348/Data/SMM14348_20240521_181600.wav,96,99,9.020644,OS-HH-13_14348,OS-HH-13,,KAAM_song?
/media/kiwi/datasets/finalized/kaua2024a/PUAI_OS/OS-HH-15_14252/Data/SMM14252_20240502_162500.wav,114,117,9.172374,OS-HH-15_14252,OS-HH-15,,KAAM_song?
/media/kiwi/datasets/finalized/kaua2024a/PUAI_OS/OS-HH-15_14252/Data/SMM14252_20240502_162500.wav,129,132,8.836943,OS-HH-15_14252,OS-HH-15,,KAAM_song?
/media/kiwi/datasets/finalized/kaua2024a/PUAI_OS/OS-HH-15_14252/Data/SMM14252_20240521_091600.wav,51,54,10.250018,OS-HH-15_14252,OS-HH-15,,KAAM_song?
/media/kiwi/datasets/finalized/kaua2024a/PUAI_OS/OS-HH-15_14252/Data/SMM14252_20240614_101400.wav,30,33,10.046939,OS-HH-15_14252,OS-HH-15,,KAAM_song?
/media/kiwi/datasets/finalized/kaua2024a/PUAI_OS/OS-HH-15_14252/Data/SMM14252_20240614_101400.wav,48,51,9.927897,OS-HH-15_14252,OS-HH-15,,KAAM_song?
/media/kiwi/datasets/finalized/kaua2024a/PUAI_OS/OS-HH-17_14356/Data/SMM14356_20240521_151600.wav,162,165,8.465968,OS-HH-17_14356,OS-HH-17,,KAAM_song?
/media/kiwi/datasets/finalized/kaua2024a/PUAI_OS/OS-HH-17_14356/Data/SMM14356_20240521_151600.wav,183,186,7.6742516,OS-HH-17_14356,OS-HH-17,,KAAM_song?
/media/kiwi/datasets/finalized/kaua2024a/PUAI_OS/OS-HH-17_14356/Data/SMM14356_20240522_141600.wav,204,207,2.1323357,OS-HH-17_14356,OS-HH-17,,0
/media/kiwi/datasets/finalized/kaua2024a/PUAI_OS/OS-HH-17_14356/Data/SMM14356_20240531_141400.wav,189,192,7.192772,OS-HH-17_14356,OS-HH-17,,KAAM_song?
/media/kiwi/datasets/finalized/kaua2024a/PUAI_OS/OS-HH-17_14356/Data/SMM14356_20240608_131400.wav,87,90,8.852422,OS-HH-17_14356,OS-HH-17,,KAAM_song?
/media/kiwi/datasets/finalized/kaua2024a/PUAI_OS/OS-HH-19_14347/Data/SMM14347_20240510_152100.wav,69,72,9.217053,OS-HH-19_14347,OS-HH-19,,KAAM_song?
/media/kiwi/datasets/finalized/kaua2024a/PUAI_OS/OS-HH-19_14347/Data/SMM14347_20240523_101600.wav,30,33,8.520722,OS-HH-19_14347,OS-HH-19,,KAAM_song?
/media/kiwi/datasets/finalized/kaua2024a/PUAI_OS/OS-HH-19_14347/Data/SMM14347_20240523_101600.wav,75,78,9.020311,OS-HH-19_14347,OS-HH-19,,KAAM_song?
/media/kiwi/datasets/finalized/kaua2024a/PUAI_OS/OS-HH-19_14347/Data/SMM14347_20240523_101600.wav,84,87,9.158374,OS-HH-19_14347,OS-HH-19,,KAAM_song?
/media/kiwi/datasets/finalized/kaua2024a/PUAI_OS/OS-HH-19_14347/Data/SMM14347_20240524_121600.wav,174,177,8.16838,OS-HH-19_14347,OS-HH-19,,KAAM_song?
/media/kiwi/datasets/finalized/kaua2024a/PUAI_OS/OS-HH-21_14294/Data/SMM14294_20240512_152000.wav,15,18,10.850417,OS-HH-21_14294,OS-HH-21,,KAAM_song?
/media/kiwi/datasets/finalized/kaua2024a/PUAI_OS/OS-HH-21_14294/Data/SMM14294_20240529_131500.wav,9,12,9.987553,OS-HH-21_14294,OS-HH-21,,KAAM_song?
/media/kiwi/datasets/finalized/kaua2024a/PUAI_OS/OS-HH-21_14294/Data/SMM14294_20240529_131500.wav,42,45,10.199706,OS-HH-21_14294,OS-HH-21,,KAAM_song?
/media/kiwi/datasets/finalized/kaua2024a/PUAI_OS/OS-HH-21_14294/Data/SMM14294_20240529_131500.wav,48,51,9.975562,OS-HH-21_14294,OS-HH-21,,KAAM_song?
/media/kiwi/datasets/finalized/kaua2024a/PUAI_OS/OS-HH-21_14294/Data/SMM14294_20240529_131500.wav,66,69,10.089922,OS-HH-21_14294,OS-HH-21,,KAAM_song?
/media/kiwi/datasets/finalized/kaua2024a/PUAI_OS/OS-HPK-02_14354/Data/SMM14354_20240522_171600.wav,78,81,10.193388,OS-HPK-02_14354,OS-HPK-02,,ANIA_song?
/media/kiwi/datasets/finalized/kaua2024a/PUAI_OS/OS-HPK-02_14354/Data/SMM14354_20240531_061400.wav,141,144,9.764158,OS-HPK-02_14354,OS-HPK-02,,ANIA_song?
/media/kiwi/datasets/finalized/kaua2024a/PUAI_OS/OS-HPK-02_14354/Data/SMM14354_20240531_081400.wav,159,162,9.691169,OS-HPK-02_14354,OS-HPK-02,,ANIA_song?
/media/kiwi/datasets/finalized/kaua2024a/PUAI_OS/OS-HPK-02_14354/Data/SMM14354_20240607_181400.wav,192,195,9.77333,OS-HPK-02_14354,OS-HPK-02,,u
/media/kiwi/datasets/finalized/kaua2024a/PUAI_OS/OS-HPK-02_14354/Data/SMM14354_20240608_081400.wav,63,66,9.883256,OS-HPK-02_14354,OS-HPK-02,honeycreeper song,u
/media/kiwi/datasets/finalized/kaua2024a/PUAI_OS/OS-HPK-04_14371/Data/SMM14371_20240517_111800.wav,9,12,8.992897,OS-HPK-04_14371,OS-HPK-04,,ANIA_song?
/media/kiwi/datasets/finalized/kaua2024a/PUAI_OS/OS-HPK-04_14371/Data/SMM14371_20240607_181400.wav,102,105,8.725255,OS-HPK-04_14371,OS-HPK-04,,ANIA_song?
/media/kiwi/datasets/finalized/kaua2024a/PUAI_OS/OS-HPK-04_14371/Data/SMM14371_20240615_071500.wav,198,201,10.512485,OS-HPK-04_14371,OS-HPK-04,,ANIA_song?
/media/kiwi/datasets/finalized/kaua2024a/PUAI_OS/OS-HPK-04_14371/Data/SMM14371_20240615_171500.wav,198,201,9.396821,OS-HPK-04_14371,OS-HPK-04,honeycreeper song,u
/media/kiwi/datasets/finalized/kaua2024a/PUAI_OS/OS-HPK-04_14371/Data/SMM14371_20240615_171500.wav,234,237,10.350253,OS-HPK-04_14371,OS-HPK-04,honeycreeper song,u
/media/kiwi/datasets/finalized/kaua2024a/PUAI_OS/OS-HPK-06_14268/Data/SMM14268_20240522_091600.wav,177,180,9.474277,OS-HPK-06_14268,OS-HPK-06,,KAAM_song
/media/kiwi/datasets/finalized/kaua2024a/PUAI_OS/OS-HPK-06_14268/Data/SMM14268_20240522_101600.wav,180,183,9.3659115,OS-HPK-06_14268,OS-HPK-06,,ANIA_song?
/media/kiwi/datasets/finalized/kaua2024a/PUAI_OS/OS-HPK-06_14268/Data/SMM14268_20240527_091500.wav,60,63,9.548142,OS-HPK-06_14268,OS-HPK-06,,KAAM_song
/media/kiwi/datasets/finalized/kaua2024a/PUAI_OS/OS-HPK-06_14268/Data/SMM14268_20240527_111500.wav,192,195,9.408166,OS-HPK-06_14268,OS-HPK-06,,KAAM_song
/media/kiwi/datasets/finalized/kaua2024a/PUAI_OS/OS-HPK-06_14268/Data/SMM14268_20240527_171500.wav,228,231,9.294414,OS-HPK-06_14268,OS-HPK-06,,KAAM_song
/media/kiwi/datasets/finalized/kaua2024a/PUAI_OS/OS-HPK-08_14342/Data/SMM14342_20240520_141700.wav,21,24,6.8015857,OS-HPK-08_14342,OS-HPK-08,,u
/media/kiwi/datasets/finalized/kaua2024a/PUAI_OS/OS-HPK-08_14342/Data/SMM14342_20240520_141700.wav,30,33,6.042399,OS-HPK-08_14342,OS-HPK-08,,u
/media/kiwi/datasets/finalized/kaua2024a/PUAI_OS/OS-HPK-08_14342/Data/SMM14342_20240604_121400.wav,18,21,6.734365,OS-HPK-08_14342,OS-HPK-08,,u
/media/kiwi/datasets/finalized/kaua2024a/PUAI_OS/OS-HPK-08_14342/Data/SMM14342_20240604_121400.wav,42,45,6.2766633,OS-HPK-08_14342,OS-HPK-08,,u
/media/kiwi/datasets/finalized/kaua2024a/PUAI_OS/OS-HPK-08_14342/Data/SMM14342_20240604_121400.wav,57,60,6.481899,OS-HPK-08_14342,OS-HPK-08,,u
/media/kiwi/datasets/finalized/kaua2024a/PUAI_OS/OS-HPK-14_14282/Data/SMM14282_20240417_093600.wav,105,108,10.307578,OS-HPK-14_14282,OS-HPK-14,,ANIA_song
/media/kiwi/datasets/finalized/kaua2024a/PUAI_OS/OS-HPK-14_14282/Data/SMM14282_20240422_133200.wav,201,204,11.283478,OS-HPK-14_14282,OS-HPK-14,,KAAM_song
/media/kiwi/datasets/finalized/kaua2024a/PUAI_OS/OS-HPK-14_14282/Data/SMM14282_20240422_133200.wav,222,225,10.1287565,OS-HPK-14_14282,OS-HPK-14,,u
/media/kiwi/datasets/finalized/kaua2024a/PUAI_OS/OS-HPK-14_14282/Data/SMM14282_20240429_082700.wav,150,153,10.728829,OS-HPK-14_14282,OS-HPK-14,,ANIA_song
/media/kiwi/datasets/finalized/kaua2024a/PUAI_OS/OS-HPK-14_14282/Data/SMM14282_20240507_122200.wav,150,153,10.189872,OS-HPK-14_14282,OS-HPK-14,,ANIA_song
/media/kiwi/datasets/finalized/kaua2024a/PUAI_OS/OS-HPK-16_14369/Data/SMM14369_20240430_142700.wav,3,6,10.08149,OS-HPK-16_14369,OS-HPK-16,,KAAM_song
/media/kiwi/datasets/finalized/kaua2024a/PUAI_OS/OS-HPK-16_14369/Data/SMM14369_20240509_142100.wav,27,30,10.170537,OS-HPK-16_14369,OS-HPK-16,,KAAM_song
/media/kiwi/datasets/finalized/kaua2024a/PUAI_OS/OS-HPK-16_14369/Data/SMM14369_20240509_152100.wav,171,174,9.995013,OS-HPK-16_14369,OS-HPK-16,,KAAM_song
/media/kiwi/datasets/finalized/kaua2024a/PUAI_OS/OS-HPK-16_14369/Data/SMM14369_20240510_112100.wav,126,129,9.790248,OS-HPK-16_14369,OS-HPK-16,,ANIA_song
/media/kiwi/datasets/finalized/kaua2024a/PUAI_OS/OS-HPK-16_14369/Data/SMM14369_20240515_131800.wav,27,30,9.829648,OS-HPK-16_14369,OS-HPK-16,,KAAM_song
/media/kiwi/datasets/finalized/kaua2024a/PUAI_OS/OS-HPK-18_14266/Data/SMM14266_20240410_154200.wav,3,6,5.1798105,OS-HPK-18_14266,OS-HPK-18,,KAAM_song
/media/kiwi/datasets/finalized/kaua2024a/PUAI_OS/OS-HPK-18_14266/Data/SMM14266_20240410_154200.wav,9,12,5.248185,OS-HPK-18_14266,OS-HPK-18,,KAAM_song
/media/kiwi/datasets/finalized/kaua2024a/PUAI_OS/OS-HPK-18_14266/Data/SMM14266_20240502_142500.wav,27,30,9.383115,OS-HPK-18_14266,OS-HPK-18,,ANIA_song
/media/kiwi/datasets/finalized/kaua2024a/PUAI_OS/OS-HPK-18_14266/Data/SMM14266_20240521_061600.wav,180,183,5.7767177,OS-HPK-18_14266,OS-HPK-18,,KAAM_song
/media/kiwi/datasets/finalized/kaua2024a/PUAI_OS/OS-HPK-18_14266/Data/SMM14266_20240521_061600.wav,186,189,6.478008,OS-HPK-18_14266,OS-HPK-18,,KAAM_song
/media/kiwi/datasets/finalized/kaua2024a/PUAI_OS/OS-HPK-20_14379/Data/SMM14379_20240411_064100.wav,45,48,2.6573422,OS-HPK-20_14379,OS-HPK-20,,ANIA_song
/media/kiwi/datasets/finalized/kaua2024a/PUAI_OS/OS-HPK-20_14379/Data/SMM14379_20240515_161800.wav,174,177,1.9257653,OS-HPK-20_14379,OS-HPK-20,,KAAM_song
/media/kiwi/datasets/finalized/kaua2024a/PUAI_OS/OS-HPK-20_14379/Data/SMM14379_20240530_131400.wav,0,3,5.603303,OS-HPK-20_14379,OS-HPK-20,,KAAM_song
/media/kiwi/datasets/finalized/kaua2024a/PUAI_OS/OS-HPK-20_14379/Data/SMM14379_20240606_151400.wav,108,111,0.7977562,OS-HPK-20_14379,OS-HPK-20,,0
/media/kiwi/datasets/finalized/kaua2024a/PUAI_OS/OS-HPK-20_14379/Data/SMM14379_20240607_161400.wav,84,87,0.62295103,OS-HPK-20_14379,OS-HPK-20,,0
/media/kiwi/datasets/finalized/kaua2024a/PUAI_OS/OS-HPK-21_14351/Data/SMM14351_20240420_123400.wav,225,228,10.130486,OS-HPK-21_14351,OS-HPK-21,,KAAM_song
/media/kiwi/datasets/finalized/kaua2024a/PUAI_OS/OS-HPK-21_14351/Data/SMM14351_20240422_133200.wav,117,120,10.180554,OS-HPK-21_14351,OS-HPK-21,,KAAM_song
/media/kiwi/datasets/finalized/kaua2024a/PUAI_OS/OS-HPK-21_14351/Data/SMM14351_20240428_092800.wav,129,132,8.841149,OS-HPK-21_14351,OS-HPK-21,,KAAM_song
/media/kiwi/datasets/finalized/kaua2024a/PUAI_OS/OS-HPK-21_14351/Data/SMM14351_20240502_102500.wav,201,204,9.152633,OS-HPK-21_14351,OS-HPK-21,,KAAM_song
/media/kiwi/datasets/finalized/kaua2024a/PUAI_OS/OS-HPK-21_14351/Data/SMM14351_20240502_102500.wav,207,210,11.284466,OS-HPK-21_14351,OS-HPK-21,,KAAM_song
/media/kiwi/datasets/finalized/kaua2024a/PUAI_OS/OS-HPK-22_14269/Data/SMM14269_20240421_153300.wav,144,147,10.202964,OS-HPK-22_14269,OS-HPK-22,,KAAM_song
/media/kiwi/datasets/finalized/kaua2024a/PUAI_OS/OS-HPK-22_14269/Data/SMM14269_20240422_133200.wav,93,96,12.283379,OS-HPK-22_14269,OS-HPK-22,check,AKEK_song?
/media/kiwi/datasets/finalized/kaua2024a/PUAI_OS/OS-HPK-22_14269/Data/SMM14269_20240426_172900.wav,141,144,10.338252,OS-HPK-22_14269,OS-HPK-22,,AKEK_KAAM
/media/kiwi/datasets/finalized/kaua2024a/PUAI_OS/OS-HPK-22_14269/Data/SMM14269_20240502_122500.wav,138,141,10.9192915,OS-HPK-22_14269,OS-HPK-22,,AKEK_KAAM
/media/kiwi/datasets/finalized/kaua2024a/PUAI_OS/OS-HPK-22_14269/Data/SMM14269_20240502_122500.wav,153,156,10.247907,OS-HPK-22_14269,OS-HPK-22,,AKEK_song?
/media/kiwi/datasets/finalized/kaua2024a/PUAI_OS/OS-MOH-02_14373/Data/SMM14373_20240501_132600.wav,150,153,10.5043335,OS-MOH-02_14373,OS-MOH-02,,u
/media/kiwi/datasets/finalized/kaua2024a/PUAI_OS/OS-MOH-02_14373/Data/SMM14373_20240503_152500.wav,165,168,10.742725,OS-MOH-02_14373,OS-MOH-02,,u
/media/kiwi/datasets/finalized/kaua2024a/PUAI_OS/OS-MOH-02_14373/Data/SMM14373_20240503_152500.wav,186,189,10.773223,OS-MOH-02_14373,OS-MOH-02,,u
/media/kiwi/datasets/finalized/kaua2024a/PUAI_OS/OS-MOH-02_14373/Data/SMM14373_20240508_112200.wav,54,57,10.317896,OS-MOH-02_14373,OS-MOH-02,,u
/media/kiwi/datasets/finalized/kaua2024a/PUAI_OS/OS-MOH-02_14373/Data/SMM14373_20240523_151600.wav,87,90,10.110538,OS-MOH-02_14373,OS-MOH-02,,u
/media/kiwi/datasets/finalized/kaua2024a/PUAI_OS/OS-MOH-04_14237/Data/SMM14237_20240607_071400.wav,69,72,10.764457,OS-MOH-04_14237,OS-MOH-04,,u
/media/kiwi/datasets/finalized/kaua2024a/PUAI_OS/OS-MOH-04_14237/Data/SMM14237_20240607_071400.wav,102,105,10.704093,OS-MOH-04_14237,OS-MOH-04,,u
/media/kiwi/datasets/finalized/kaua2024a/PUAI_OS/OS-MOH-04_14237/Data/SMM14237_20240607_071400.wav,174,177,12.769273,OS-MOH-04_14237,OS-MOH-04,,u
/media/kiwi/datasets/finalized/kaua2024a/PUAI_OS/OS-MOH-04_14237/Data/SMM14237_20240607_071400.wav,234,237,10.528709,OS-MOH-04_14237,OS-MOH-04,,u
/media/kiwi/datasets/finalized/kaua2024a/PUAI_OS/OS-MOH-04_14237/Data/SMM14237_20240607_131400.wav,123,126,10.429569,OS-MOH-04_14237,OS-MOH-04,,u
/media/kiwi/datasets/finalized/kaua2024a/PUAI_OS/OS-MOH-06_14249/Data/SMM14249_20240502_062500.wav,102,105,11.534977,OS-MOH-06_14249,OS-MOH-06,,KAAM_song
/media/kiwi/datasets/finalized/kaua2024a/PUAI_OS/OS-MOH-06_14249/Data/SMM14249_20240502_062500.wav,156,159,12.785656,OS-MOH-06_14249,OS-MOH-06,,KAAM_song
/media/kiwi/datasets/finalized/kaua2024a/PUAI_OS/OS-MOH-06_14249/Data/SMM14249_20240522_061600.wav,90,93,10.639224,OS-MOH-06_14249,OS-MOH-06,,KAAM_song
/media/kiwi/datasets/finalized/kaua2024a/PUAI_OS/OS-MOH-06_14249/Data/SMM14249_20240522_091600.wav,15,18,11.262988,OS-MOH-06_14249,OS-MOH-06,,KAAM_song
/media/kiwi/datasets/finalized/kaua2024a/PUAI_OS/OS-MOH-06_14249/Data/SMM14249_20240522_091600.wav,78,81,10.922305,OS-MOH-06_14249,OS-MOH-06,,KAAM_song
/media/kiwi/datasets/finalized/kaua2024a/PUAI_OS/OS-MOH-08_14243/Data/SMM14243_20240427_172900.wav,27,30,11.221168,OS-MOH-08_14243,OS-MOH-08,,KAAM_song?
/media/kiwi/datasets/finalized/kaua2024a/PUAI_OS/OS-MOH-08_14243/Data/SMM14243_20240427_172900.wav,129,132,12.640264,OS-MOH-08_14243,OS-MOH-08,,KAAM_song?
/media/kiwi/datasets/finalized/kaua2024a/PUAI_OS/OS-MOH-08_14243/Data/SMM14243_20240429_062700.wav,36,39,11.856444,OS-MOH-08_14243,OS-MOH-08,,KAAM_song?
/media/kiwi/datasets/finalized/kaua2024a/PUAI_OS/OS-MOH-08_14243/Data/SMM14243_20240429_062700.wav,42,45,11.274473,OS-MOH-08_14243,OS-MOH-08,,KAAM_song?
/media/kiwi/datasets/finalized/kaua2024a/PUAI_OS/OS-MOH-08_14243/Data/SMM14243_20240509_162100.wav,60,63,11.404629,OS-MOH-08_14243,OS-MOH-08,,KAAM_song?
/media/kiwi/datasets/finalized/kaua2024a/PUAI_OS/OS-MOH-10_14260/Data/SMM14260_20240508_152200.wav,135,138,14.239947,OS-MOH-10_14260,OS-MOH-10,,AKEK_KAAM
/media/kiwi/datasets/finalized/kaua2024a/PUAI_OS/OS-MOH-10_14260/Data/SMM14260_20240509_162100.wav,216,219,14.055219,OS-MOH-10_14260,OS-MOH-10,,AKEK_song
/media/kiwi/datasets/finalized/kaua2024a/PUAI_OS/OS-MOH-10_14260/Data/SMM14260_20240530_141400.wav,0,3,14.060382,OS-MOH-10_14260,OS-MOH-10,,AKEK_song
/media/kiwi/datasets/finalized/kaua2024a/PUAI_OS/OS-MOH-10_14260/Data/SMM14260_20240602_151400.wav,117,120,14.120147,OS-MOH-10_14260,OS-MOH-10,,AKEK_song
/media/kiwi/datasets/finalized/kaua2024a/PUAI_OS/OS-MOH-10_14260/Data/SMM14260_20240613_171400.wav,135,138,13.989387,OS-MOH-10_14260,OS-MOH-10,,AKEK_song
/media/kiwi/datasets/finalized/kaua2024a/PUAI_OS/OS-MOH-12_14263/Data/SMM14263_20240520_141700.wav,21,24,10.8040495,OS-MOH-12_14263,OS-MOH-12,,u
/media/kiwi/datasets/finalized/kaua2024a/PUAI_OS/OS-MOH-12_14263/Data/SMM14263_20240522_131600.wav,177,180,12.719903,OS-MOH-12_14263,OS-MOH-12,,u
/media/kiwi/datasets/finalized/kaua2024a/PUAI_OS/OS-MOH-12_14263/Data/SMM14263_20240523_141600.wav,204,207,10.94654,OS-MOH-12_14263,OS-MOH-12,,u
/media/kiwi/datasets/finalized/kaua2024a/PUAI_OS/OS-MOH-12_14263/Data/SMM14263_20240527_061500.wav,189,192,11.465543,OS-MOH-12_14263,OS-MOH-12,,u
/media/kiwi/datasets/finalized/kaua2024a/PUAI_OS/OS-MOH-12_14263/Data/SMM14263_20240604_071400.wav,108,111,11.428088,OS-MOH-12_14263,OS-MOH-12,,u
/media/kiwi/datasets/finalized/kaua2024a/PUAI_OS/OS-MOH-14_14258/Data/SMM14258_20240501_072600.wav,21,24,8.734976,OS-MOH-14_14258,OS-MOH-14,,ANIA_song
/media/kiwi/datasets/finalized/kaua2024a/PUAI_OS/OS-MOH-14_14258/Data/SMM14258_20240501_072600.wav,27,30,6.7190337,OS-MOH-14_14258,OS-MOH-14,,ANIA_song
/media/kiwi/datasets/finalized/kaua2024a/PUAI_OS/OS-MOH-14_14258/Data/SMM14258_20240503_142500.wav,111,114,7.4950967,OS-MOH-14_14258,OS-MOH-14,,ANIA_song
/media/kiwi/datasets/finalized/kaua2024a/PUAI_OS/OS-MOH-14_14258/Data/SMM14258_20240529_141500.wav,0,3,9.515306,OS-MOH-14_14258,OS-MOH-14,,ANIA_song?
/media/kiwi/datasets/finalized/kaua2024a/PUAI_OS/OS-MOH-14_14258/Data/SMM14258_20240529_141500.wav,39,42,8.794888,OS-MOH-14_14258,OS-MOH-14,,ANIA_song?
/media/kiwi/datasets/finalized/kaua2024a/PUAI_OS/OS-MOH-16_14248/Data/SMM14248_20240501_162600.wav,18,21,11.454173,OS-MOH-16_14248,OS-MOH-16,,ANIA_song?
/media/kiwi/datasets/finalized/kaua2024a/PUAI_OS/OS-MOH-16_14248/Data/SMM14248_20240501_162600.wav,183,186,11.644668,OS-MOH-16_14248,OS-MOH-16,,ANIA_song?
/media/kiwi/datasets/finalized/kaua2024a/PUAI_OS/OS-MOH-16_14248/Data/SMM14248_20240501_162600.wav,207,210,11.377379,OS-MOH-16_14248,OS-MOH-16,,ANIA_song?
/media/kiwi/datasets/finalized/kaua2024a/PUAI_OS/OS-MOH-16_14248/Data/SMM14248_20240502_152500.wav,132,135,12.72595,OS-MOH-16_14248,OS-MOH-16,,ANIA_song?
/media/kiwi/datasets/finalized/kaua2024a/PUAI_OS/OS-MOH-16_14248/Data/SMM14248_20240509_162100.wav,132,135,11.44897,OS-MOH-16_14248,OS-MOH-16,,ANIA_song?
/media/kiwi/datasets/finalized/kaua2024a/PUAI_OS/OS-MOH-18_14255/Data/SMM14255_20240520_141700.wav,216,219,13.053169,OS-MOH-18_14255,OS-MOH-18,,ANIA_song?
/media/kiwi/datasets/finalized/kaua2024a/PUAI_OS/OS-MOH-18_14255/Data/SMM14255_20240610_121400.wav,108,111,13.020116,OS-MOH-18_14255,OS-MOH-18,,ANIA_song?
/media/kiwi/datasets/finalized/kaua2024a/PUAI_OS/OS-MOH-18_14255/Data/SMM14255_20240610_121400.wav,144,147,13.858851,OS-MOH-18_14255,OS-MOH-18,,ANIA_song?
/media/kiwi/datasets/finalized/kaua2024a/PUAI_OS/OS-MOH-18_14255/Data/SMM14255_20240610_171400.wav,123,126,13.272072,OS-MOH-18_14255,OS-MOH-18,,ANIA_song?
/media/kiwi/datasets/finalized/kaua2024a/PUAI_OS/OS-MOH-18_14255/Data/SMM14255_20240619_071500.wav,9,12,13.570859,OS-MOH-18_14255,OS-MOH-18,,ANIA_song?
/media/kiwi/datasets/finalized/kaua2024a/PUAI_OS/OS-MOH-20_14343/Data/SMM14343_20240423_163200.wav,30,33,10.006936,OS-MOH-20_14343,OS-MOH-20,,ANIA_song?
/media/kiwi/datasets/finalized/kaua2024a/PUAI_OS/OS-MOH-20_14343/Data/SMM14343_20240502_122500.wav,111,114,9.86835,OS-MOH-20_14343,OS-MOH-20,,ANIA_song?
/media/kiwi/datasets/finalized/kaua2024a/PUAI_OS/OS-MOH-20_14343/Data/SMM14343_20240608_161400.wav,36,39,8.810031,OS-MOH-20_14343,OS-MOH-20,,ANIA_song?
/media/kiwi/datasets/finalized/kaua2024a/PUAI_OS/OS-MOH-20_14343/Data/SMM14343_20240608_161400.wav,39,42,8.982445,OS-MOH-20_14343,OS-MOH-20,,ANIA_song?
/media/kiwi/datasets/finalized/kaua2024a/PUAI_OS/OS-MOH-20_14343/Data/SMM14343_20240608_161400.wav,123,126,8.875449,OS-MOH-20_14343,OS-MOH-20,,ANIA_song?
/media/kiwi/datasets/finalized/kaua2024a/PUAI_OS/OS-UUK-02_11914/Data/SMM11914_20240530_111400.wav,207,210,2.4651268,OS-UUK-02_11914,OS-UUK-02,,0
/media/kiwi/datasets/finalized/kaua2024a/PUAI_OS/OS-UUK-02_11914/Data/SMM11914_20240605_141400.wav,36,39,2.4454842,OS-UUK-02_11914,OS-UUK-02,,ANIA_song
/media/kiwi/datasets/finalized/kaua2024a/PUAI_OS/OS-UUK-02_11914/Data/SMM11914_20240605_141400.wav,39,42,5.760673,OS-UUK-02_11914,OS-UUK-02,,ANIA_song
/media/kiwi/datasets/finalized/kaua2024a/PUAI_OS/OS-UUK-02_11914/Data/SMM11914_20240606_071400.wav,189,192,2.1793256,OS-UUK-02_11914,OS-UUK-02,,0
/media/kiwi/datasets/finalized/kaua2024a/PUAI_OS/OS-UUK-02_11914/Data/SMM11914_20240606_121400.wav,186,189,4.6959743,OS-UUK-02_11914,OS-UUK-02,,ANIA_song
/media/kiwi/datasets/finalized/kaua2024a/PUAI_OS/OS-UUK-04_14241/Data/SMM14241_20240522_161600.wav,111,114,0.8282213,OS-UUK-04_14241,OS-UUK-04,,0
/media/kiwi/datasets/finalized/kaua2024a/PUAI_OS/OS-UUK-04_14241/Data/SMM14241_20240525_181500.wav,111,114,0.42543197,OS-UUK-04_14241,OS-UUK-04,,0
/media/kiwi/datasets/finalized/kaua2024a/PUAI_OS/OS-UUK-04_14241/Data/SMM14241_20240525_181500.wav,165,168,0.45238972,OS-UUK-04_14241,OS-UUK-04,,0
/media/kiwi/datasets/finalized/kaua2024a/PUAI_OS/OS-UUK-04_14241/Data/SMM14241_20240528_181500.wav,213,216,1.2243353,OS-UUK-04_14241,OS-UUK-04,,0
/media/kiwi/datasets/finalized/kaua2024a/PUAI_OS/OS-UUK-04_14241/Data/SMM14241_20240617_081500.wav,168,171,2.914206,OS-UUK-04_14241,OS-UUK-04,,0
/media/kiwi/datasets/finalized/kaua2024a/PUAI_OS/OS-UUK-06_11848/Data/SMM11848_20240530_101200.wav,75,78,1.7655598,OS-UUK-06_11848,OS-UUK-06,,0
/media/kiwi/datasets/finalized/kaua2024a/PUAI_OS/OS-UUK-06_11848/Data/SMM11848_20240605_141100.wav,147,150,0.59671813,OS-UUK-06_11848,OS-UUK-06,,0
/media/kiwi/datasets/finalized/kaua2024a/PUAI_OS/OS-UUK-06_11848/Data/SMM11848_20240605_161100.wav,30,33,0.8654028,OS-UUK-06_11848,OS-UUK-06,,0
/media/kiwi/datasets/finalized/kaua2024a/PUAI_OS/OS-UUK-06_11848/Data/SMM11848_20240616_171200.wav,189,192,1.0094594,OS-UUK-06_11848,OS-UUK-06,,0
/media/kiwi/datasets/finalized/kaua2024a/PUAI_OS/OS-UUK-06_11848/Data/SMM11848_20240628_061500.wav,117,120,1.0393856,OS-UUK-06_11848,OS-UUK-06,,0
/media/kiwi/datasets/finalized/kaua2024a/PUAI_OS/OS-UUK-10_11859/Data/SMM11859_20240517_181800.wav,114,117,4.0165534,OS-UUK-10_11859,OS-UUK-10,,KAAM_song
/media/kiwi/datasets/finalized/kaua2024a/PUAI_OS/OS-UUK-10_11859/Data/SMM11859_20240521_091600.wav,15,18,5.6215205,OS-UUK-10_11859,OS-UUK-10,,KAAM_song
/media/kiwi/datasets/finalized/kaua2024a/PUAI_OS/OS-UUK-10_11859/Data/SMM11859_20240521_091600.wav,45,48,3.8360825,OS-UUK-10_11859,OS-UUK-10,,KAAM_song
/media/kiwi/datasets/finalized/kaua2024a/PUAI_OS/OS-UUK-10_11859/Data/SMM11859_20240521_091600.wav,75,78,2.785127,OS-UUK-10_11859,OS-UUK-10,,KAAM_song
/media/kiwi/datasets/finalized/kaua2024a/PUAI_OS/OS-UUK-10_11859/Data/SMM11859_20240526_171500.wav,84,87,3.7636783,OS-UUK-10_11859,OS-UUK-10,,ANIA_song
/media/kiwi/datasets/finalized/kaua2024a/PUAI_OS/OS-UUK-12_11890/Data/SMM11890_20240512_082000.wav,168,171,7.4309096,OS-UUK-12_11890,OS-UUK-12,,KAAM_song
/media/kiwi/datasets/finalized/kaua2024a/PUAI_OS/OS-UUK-12_11890/Data/SMM11890_20240513_121900.wav,6,9,8.119192,OS-UUK-12_11890,OS-UUK-12,,KAAM_song
/media/kiwi/datasets/finalized/kaua2024a/PUAI_OS/OS-UUK-12_11890/Data/SMM11890_20240513_121900.wav,60,63,9.361879,OS-UUK-12_11890,OS-UUK-12,,KAAM_song
/media/kiwi/datasets/finalized/kaua2024a/PUAI_OS/OS-UUK-12_11890/Data/SMM11890_20240513_121900.wav,108,111,7.158307,OS-UUK-12_11890,OS-UUK-12,,KAAM_song
/media/kiwi/datasets/finalized/kaua2024a/PUAI_OS/OS-UUK-12_11890/Data/SMM11890_20240513_121900.wav,147,150,7.0788345,OS-UUK-12_11890,OS-UUK-12,,KAAM_song
/media/kiwi/datasets/finalized/kaua2024a/PUAI_OS/OS-UUK-14_11858/Data/SMM11858_20240524_151600.wav,195,198,7.1251435,OS-UUK-14_11858,OS-UUK-14,honeycreeper song,u
/media/kiwi/datasets/finalized/kaua2024a/PUAI_OS/OS-UUK-14_11858/Data/SMM11858_20240525_101500.wav,66,69,6.8290668,OS-UUK-14_11858,OS-UUK-14,honeycreeper song,u
/media/kiwi/datasets/finalized/kaua2024a/PUAI_OS/OS-UUK-14_11858/Data/SMM11858_20240525_131500.wav,207,210,7.562468,OS-UUK-14_11858,OS-UUK-14,,u
/media/kiwi/datasets/finalized/kaua2024a/PUAI_OS/OS-UUK-14_11858/Data/SMM11858_20240526_111500.wav,66,69,8.707731,OS-UUK-14_11858,OS-UUK-14,,ANIA_song?
/media/kiwi/datasets/finalized/kaua2024a/PUAI_OS/OS-UUK-14_11858/Data/SMM11858_20240526_181500.wav,87,90,7.299381,OS-UUK-14_11858,OS-UUK-14,,ANIA_song
/media/kiwi/datasets/finalized/kaua2024a/PUAI_OS/OS-UUK-16_11863/Data/SMM11863_20240509_102100.wav,6,9,9.921607,OS-UUK-16_11863,OS-UUK-16,,ANIA_song?
/media/kiwi/datasets/finalized/kaua2024a/PUAI_OS/OS-UUK-16_11863/Data/SMM11863_20240509_102100.wav,15,18,10.377068,OS-UUK-16_11863,OS-UUK-16,,ANIA_song
/media/kiwi/datasets/finalized/kaua2024a/PUAI_OS/OS-UUK-16_11863/Data/SMM11863_20240510_172100.wav,42,45,9.073114,OS-UUK-16_11863,OS-UUK-16,,KAAM_song
/media/kiwi/datasets/finalized/kaua2024a/PUAI_OS/OS-UUK-16_11863/Data/SMM11863_20240523_121600.wav,150,153,8.917852,OS-UUK-16_11863,OS-UUK-16,,ANIA_song?
/media/kiwi/datasets/finalized/kaua2024a/PUAI_OS/OS-UUK-16_11863/Data/SMM11863_20240529_121400.wav,213,216,10.403212,OS-UUK-16_11863,OS-UUK-16,,KAAM_song
/media/kiwi/datasets/finalized/kaua2024a/PUAI_OS/OS-UUK-18_11893/Data/SMM11893_20240528_071500.wav,141,144,9.342336,OS-UUK-18_11893,OS-UUK-18,honeycreeper song,u
/media/kiwi/datasets/finalized/kaua2024a/PUAI_OS/OS-UUK-18_11893/Data/SMM11893_20240529_111500.wav,138,141,8.943414,OS-UUK-18_11893,OS-UUK-18,honeycreeper song,u
/media/kiwi/datasets/finalized/kaua2024a/PUAI_OS/OS-UUK-18_11893/Data/SMM11893_20240603_111400.wav,45,48,8.7177925,OS-UUK-18_11893,OS-UUK-18,honeycreeper song,u
/media/kiwi/datasets/finalized/kaua2024a/PUAI_OS/OS-UUK-18_11893/Data/SMM11893_20240603_111400.wav,54,57,8.959058,OS-UUK-18_11893,OS-UUK-18,honeycreeper song,u
/media/kiwi/datasets/finalized/kaua2024a/PUAI_OS/OS-UUK-18_11893/Data/SMM11893_20240604_071400.wav,99,102,10.038294,OS-UUK-18_11893,OS-UUK-18,honeycreeper song,u
/media/kiwi/datasets/finalized/kaua2024a/PUAI_OS/OS-UUK-20_11919/Data/SMM11919_20240527_061500.wav,150,153,5.5304217,OS-UUK-20_11919,OS-UUK-20,,u
/media/kiwi/datasets/finalized/kaua2024a/PUAI_OS/OS-UUK-20_11919/Data/SMM11919_20240527_061500.wav,165,168,3.9106808,OS-UUK-20_11919,OS-UUK-20,,u
/media/kiwi/datasets/finalized/kaua2024a/PUAI_OS/OS-UUK-20_11919/Data/SMM11919_20240527_061500.wav,171,174,4.832873,OS-UUK-20_11919,OS-UUK-20,,u
/media/kiwi/datasets/finalized/kaua2024a/PUAI_OS/OS-UUK-20_11919/Data/SMM11919_20240604_121400.wav,9,12,4.6135306,OS-UUK-20_11919,OS-UUK-20,,u
/media/kiwi/datasets/finalized/kaua2024a/PUAI_OS/OS-UUK-20_11919/Data/SMM11919_20240604_121400.wav,12,15,7.8353066,OS-UUK-20_11919,OS-UUK-20,,u