file,start_time,end_time,annotation,comments,Unnamed: 0,AKEK_song,folder,point,notes
"/media/kiwi/datasets/finalized/kaua2024a/AKEK_grid/A1-0_11883/Data/SMM11883_20240322_110000.wav","93","96","yes",,"0","9.070529","A1-0_11883","A1-0","lowers in pitch after two notes"
"/media/kiwi/datasets/finalized/kaua2024a/AKEK_grid/A1-0_11883/Data/SMM11883_20240322_110000.wav","147","150","yes",,"1","8.924845","A1-0_11883","A1-0",
"/media/kiwi/datasets/finalized/kaua2024a/AKEK_grid/A1-0_11883/Data/SMM11883_20240324_085800.wav","78","81","yes",,"2","9.45736","A1-0_11883","A1-0",
"/media/kiwi/datasets/finalized/kaua2024a/AKEK_grid/A1-0_11883/Data/SMM11883_20240412_174100.wav","102","105","yes",,"3","10.097325","A1-0_11883","A1-0",
"/media/kiwi/datasets/finalized/kaua2024a/AKEK_grid/A1-0_11883/Data/SMM11883_20240412_174100.wav","108","111","yes",,"4","9.185908","A1-0_11883","A1-0",
"/media/kiwi/datasets/finalized/kaua2024a/AKEK_grid/A2-0_11869/Data/SMM11869_20240528_141500.wav","78","81","yes",,"5","8.559806","A2-0_11869","A2-0","check"
"/media/kiwi/datasets/finalized/kaua2024a/AKEK_grid/A2-0_11869/Data/SMM11869_20240528_141500.wav","126","129","yes",,"6","6.434549","A2-0_11869","A2-0","check"
"/media/kiwi/datasets/finalized/kaua2024a/AKEK_grid/A2-0_11869/Data/SMM11869_20240528_141500.wav","180","183","yes",,"7","7.2203","A2-0_11869","A2-0","check"
"/media/kiwi/datasets/finalized/kaua2024a/AKEK_grid/A2-0_11869/Data/SMM11869_20240528_141500.wav","180","183","yes",,"8","7.2203","A2-0_11869","A2-0","chek"
"/media/kiwi/datasets/finalized/kaua2024a/AKEK_grid/A2-0_11869/Data/SMM11869_20240605_181400.wav","201","204","yes",,"9","6.353494","A2-0_11869","A2-0","partial"
"/media/kiwi/datasets/finalized/kaua2024a/AKEK_grid/A2-0_11869/Data/SMM11869_20240611_151500.wav","147","150","yes",,"10","6.8112574","A2-0_11869","A2-0","check"
"/media/kiwi/datasets/finalized/kaua2024a/AKEK_grid/A2-4_11918/Data/SMM11918_20240508_062200.wav","174","177","no",,"11","0.50954145","A2-4_11918","A2-4",
"/media/kiwi/datasets/finalized/kaua2024a/AKEK_grid/A2-4_11918/Data/SMM11918_20240514_181900.wav","102","105","uncertain",,"12","3.9465559","A2-4_11918","A2-4",
"/media/kiwi/datasets/finalized/kaua2024a/AKEK_grid/A2-4_11918/Data/SMM11918_20240514_181900.wav","111","114","uncertain",,"13","2.0400112","A2-4_11918","A2-4",
"/media/kiwi/datasets/finalized/kaua2024a/AKEK_grid/A2-4_11918/Data/SMM11918_20240608_191400.wav","21","24","no",,"14","2.3894544","A2-4_11918","A2-4",
"/media/kiwi/datasets/finalized/kaua2024a/AKEK_grid/A2-4_11918/Data/SMM11918_20240628_121800.wav","174","177","no",,"15","2.2660542","A2-4_11918","A2-4",
"/media/kiwi/datasets/finalized/kaua2024a/AKEK_grid/A3-0_11423/Data/SMM11423_20240502_152600.wav","114","117","no",,"16","1.3956902","A3-0_11423","A3-0",
"/media/kiwi/datasets/finalized/kaua2024a/AKEK_grid/A3-0_11423/Data/SMM11423_20240507_182300.wav","183","186","no",,"17","1.6073803","A3-0_11423","A3-0",
"/media/kiwi/datasets/finalized/kaua2024a/AKEK_grid/A3-0_11423/Data/SMM11423_20240508_162200.wav","81","84","no",,"18","1.3172393","A3-0_11423","A3-0",
"/media/kiwi/datasets/finalized/kaua2024a/AKEK_grid/A3-0_11423/Data/SMM11423_20240510_182100.wav","165","168","no",,"19","0.557023","A3-0_11423","A3-0",
"/media/kiwi/datasets/finalized/kaua2024a/AKEK_grid/A3-0_11423/Data/SMM11423_20240607_111400.wav","231","234","no",,"20","0.99678725","A3-0_11423","A3-0",
"/media/kiwi/datasets/finalized/kaua2024a/AKEK_grid/B1-0_11895/Data/SMM11895_20240606_091400.wav","18","21","no",,"21","3.4818108","B1-0_11895","B1-0","partial song"
"/media/kiwi/datasets/finalized/kaua2024a/AKEK_grid/B1-0_11895/Data/SMM11895_20240606_091400.wav","45","48","no",,"22","2.6261485","B1-0_11895","B1-0","partial song"
"/media/kiwi/datasets/finalized/kaua2024a/AKEK_grid/B1-0_11895/Data/SMM11895_20240606_091400.wav","48","51","no",,"23","2.7817235","B1-0_11895","B1-0","partial song"
"/media/kiwi/datasets/finalized/kaua2024a/AKEK_grid/B1-0_11895/Data/SMM11895_20240613_091500.wav","165","168","no",,"24","4.1839786","B1-0_11895","B1-0","partial song"
"/media/kiwi/datasets/finalized/kaua2024a/AKEK_grid/B1-0_11895/Data/SMM11895_20240613_091500.wav","171","174","no",,"25","3.1357973","B1-0_11895","B1-0","partial song"
"/media/kiwi/datasets/finalized/kaua2024a/AKEK_grid/B2-0_11425/Data/SMM11425_20240420_093400.wav","84","87","yes",,"31","9.671196","B2-0_11425","B2-0",
"/media/kiwi/datasets/finalized/kaua2024a/AKEK_grid/B2-0_11425/Data/SMM11425_20240420_093400.wav","146","149","yes","","32","10.266772","B2-0_11425","B2-0",
"/media/kiwi/datasets/finalized/kaua2024a/AKEK_grid/B2-0_11425/Data/SMM11425_20240519_141700.wav","45","48","yes",,"33","10.275172","B2-0_11425","B2-0",
"/media/kiwi/datasets/finalized/kaua2024a/AKEK_grid/B2-0_11425/Data/SMM11425_20240519_141700.wav","81","84","yes",,"34","9.9904785","B2-0_11425","B2-0",
"/media/kiwi/datasets/finalized/kaua2024a/AKEK_grid/B2-0_11425/Data/SMM11425_20240519_141700.wav","129","132","yes",,"35","9.230181","B2-0_11425","B2-0",
"/media/kiwi/datasets/finalized/kaua2024a/AKEK_grid/B2-1-extra_11792/Data/SMM11792_20240517_111800.wav","186","189","yes",,"36","9.603659","B2-1-extra_11792","B2-1-extra",
"/media/kiwi/datasets/finalized/kaua2024a/AKEK_grid/B2-1-extra_11792/Data/SMM11792_20240526_171600.wav","72","75","yes",,"37","9.56313","B2-1-extra_11792","B2-1-extra",
"/media/kiwi/datasets/finalized/kaua2024a/AKEK_grid/B2-1-extra_11792/Data/SMM11792_20240606_171400.wav","96","99","yes",,"38","9.627708","B2-1-extra_11792","B2-1-extra",
"/media/kiwi/datasets/finalized/kaua2024a/AKEK_grid/B2-1-extra_11792/Data/SMM11792_20240606_171400.wav","147","150","yes",,"39","9.384139","B2-1-extra_11792","B2-1-extra",
"/media/kiwi/datasets/finalized/kaua2024a/AKEK_grid/B2-1-extra_11792/Data/SMM11792_20240617_071500.wav","201","204","yes",,"40","9.360138","B2-1-extra_11792","B2-1-extra",
"/media/kiwi/datasets/finalized/kaua2024a/AKEK_grid/B3-0_11550/Data/SMM11550_20240325_145700.wav","234","237","yes",,"41","10.101949","B3-0_11550","B3-0",
"/media/kiwi/datasets/finalized/kaua2024a/AKEK_grid/B3-0_11550/Data/SMM11550_20240401_135100.wav","15","18","yes",,"42","10.935483","B3-0_11550","B3-0",
"/media/kiwi/datasets/finalized/kaua2024a/AKEK_grid/B3-0_11550/Data/SMM11550_20240401_135100.wav","63","66","yes",,"43","12.321395","B3-0_11550","B3-0",
"/media/kiwi/datasets/finalized/kaua2024a/AKEK_grid/B3-0_11550/Data/SMM11550_20240411_074100.wav","177","180","yes",,"44","11.790484","B3-0_11550","B3-0",
"/media/kiwi/datasets/finalized/kaua2024a/AKEK_grid/B3-0_11550/Data/SMM11550_20240428_072800.wav","12","15","yes",,"45","10.430089","B3-0_11550","B3-0",
"/media/kiwi/datasets/finalized/kaua2024a/AKEK_grid/B3-4_11462/Data/SMM11462_20240430_082700.wav","9","12","yes",,"51","9.195356","B3-4_11462","B3-4",
"/media/kiwi/datasets/finalized/kaua2024a/AKEK_grid/B3-4_11462/Data/SMM11462_20240430_082700.wav","47","50","yes","","52","8.95836","B3-4_11462","B3-4",
"/media/kiwi/datasets/finalized/kaua2024a/AKEK_grid/B3-4_11462/Data/SMM11462_20240502_072500.wav","11","14","yes","","53","8.3527155","B3-4_11462","B3-4",
"/media/kiwi/datasets/finalized/kaua2024a/AKEK_grid/B3-4_11462/Data/SMM11462_20240502_082500.wav","237","240","yes",,"54","8.612208","B3-4_11462","B3-4",
"/media/kiwi/datasets/finalized/kaua2024a/AKEK_grid/C2-0_11798/Data/SMM11798_20240508_142200.wav","60","63","no",,"60","1.9396275","C2-0_11798","C2-0",
"/media/kiwi/datasets/finalized/kaua2024a/AKEK_grid/C2-0_11798/Data/SMM11798_20240523_111600.wav","21","24","uncertain",,"61","4.4291773","C2-0_11798","C2-0",
"/media/kiwi/datasets/finalized/kaua2024a/AKEK_grid/C2-0_11798/Data/SMM11798_20240523_111600.wav","39","42","uncertain",,"62","2.0856664","C2-0_11798","C2-0",
"/media/kiwi/datasets/finalized/kaua2024a/AKEK_grid/C2-0_11798/Data/SMM11798_20240611_151400.wav","216","219","no",,"63","4.159092","C2-0_11798","C2-0",
"/media/kiwi/datasets/finalized/kaua2024a/AKEK_grid/C2-0_11798/Data/SMM11798_20240626_191700.wav","99","102","no",,"64","2.530725","C2-0_11798","C2-0",
"/media/kiwi/datasets/finalized/kaua2024a/AKEK_grid/C3-4-extra_11431/Data/SMM11431_20240508_072200.wav","75","78","no",,"65","4.516205","C3-4-extra_11431","C3-4-extra",
"/media/kiwi/datasets/finalized/kaua2024a/AKEK_grid/C3-4-extra_11431/Data/SMM11431_20240521_121600.wav","45","48","no",,"66","4.8624377","C3-4-extra_11431","C3-4-extra",
"/media/kiwi/datasets/finalized/kaua2024a/AKEK_grid/C3-4-extra_11431/Data/SMM11431_20240522_091600.wav","48","51","no",,"67","8.038908","C3-4-extra_11431","C3-4-extra",
"/media/kiwi/datasets/finalized/kaua2024a/AKEK_grid/C3-4-extra_11431/Data/SMM11431_20240522_091600.wav","114","117","no",,"68","2.0807521","C3-4-extra_11431","C3-4-extra",
"/media/kiwi/datasets/finalized/kaua2024a/AKEK_grid/C3-4-extra_11431/Data/SMM11431_20240608_141400.wav","204","207","no",,"69","1.634811","C3-4-extra_11431","C3-4-extra",
"/media/kiwi/datasets/finalized/kaua2024a/AKEK_grid/C4-0_11457/Data/SMM11457_20240521_141600.wav","27","30","yes",,"70","8.792092","C4-0_11457","C4-0",
"/media/kiwi/datasets/finalized/kaua2024a/AKEK_grid/C4-0_11457/Data/SMM11457_20240522_111600.wav","36","39","yes",,"71","8.011313","C4-0_11457","C4-0",
"/media/kiwi/datasets/finalized/kaua2024a/AKEK_grid/C4-0_11457/Data/SMM11457_20240522_111600.wav","137","140","yes","","72","8.658991","C4-0_11457","C4-0",
"/media/kiwi/datasets/finalized/kaua2024a/AKEK_grid/C4-0_11457/Data/SMM11457_20240522_141600.wav","92","95","yes","","73","9.891772","C4-0_11457","C4-0",
"/media/kiwi/datasets/finalized/kaua2024a/AKEK_grid/C4-0_11457/Data/SMM11457_20240522_141600.wav","108","111","yes",,"74","7.7213745","C4-0_11457","C4-0",
"/media/kiwi/datasets/finalized/kaua2024a/AKEK_grid/C4-4-extra_11430/Data/SMM11430_20240528_161500.wav","63","66","yes",,"76","10.187857","C4-4-extra_11430","C4-4-extra",
"/media/kiwi/datasets/finalized/kaua2024a/AKEK_grid/C4-4-extra_11430/Data/SMM11430_20240528_161500.wav","66","69","yes",,"77","11.645777","C4-4-extra_11430","C4-4-extra",
"/media/kiwi/datasets/finalized/kaua2024a/AKEK_grid/C4-4-extra_11430/Data/SMM11430_20240528_161500.wav","72","75","no",,"78","10.377832","C4-4-extra_11430","C4-4-extra",
"/media/kiwi/datasets/finalized/kaua2024a/AKEK_grid/C4-4-extra_11430/Data/SMM11430_20240528_161500.wav","78","81","yes",,"79","11.864216","C4-4-extra_11430","C4-4-extra","check"
"/media/kiwi/datasets/finalized/kaua2024a/AKEK_grid/C5-0_11906/Data/SMM11906_20240404_134800.wav","192","195","yes",,"80","9.509955","C5-0_11906","C5-0",
"/media/kiwi/datasets/finalized/kaua2024a/AKEK_grid/C5-0_11906/Data/SMM11906_20240412_114100.wav","138","141","no",,"81","9.660708","C5-0_11906","C5-0",
"/media/kiwi/datasets/finalized/kaua2024a/AKEK_grid/C5-0_11906/Data/SMM11906_20240506_122300.wav","90","93","no",,"82","10.551172","C5-0_11906","C5-0",
"/media/kiwi/datasets/finalized/kaua2024a/AKEK_grid/C5-0_11906/Data/SMM11906_20240506_122300.wav","114","117","no",,"83","9.7846365","C5-0_11906","C5-0",
"/media/kiwi/datasets/finalized/kaua2024a/AKEK_grid/C5-2-extra_11445/Data/SMM11445_20240417_113600.wav","36","39","no",,"86","9.49598","C5-2-extra_11445","C5-2-extra",
"/media/kiwi/datasets/finalized/kaua2024a/AKEK_grid/C5-2-extra_11445/Data/SMM11445_20240430_082700.wav","186","189","no",,"88","9.054332","C5-2-extra_11445","C5-2-extra",
"/media/kiwi/datasets/finalized/kaua2024a/AKEK_grid/D3-0_11534/Data/SMM11534_20240501_152600.wav","132","135","no",,"90","5.251123","D3-0_11534","D3-0",
"/media/kiwi/datasets/finalized/kaua2024a/AKEK_grid/D3-0_11534/Data/SMM11534_20240502_182500.wav","66","69","no",,"91","9.113513","D3-0_11534","D3-0",
"/media/kiwi/datasets/finalized/kaua2024a/AKEK_grid/D3-0_11534/Data/SMM11534_20240528_091500.wav","219","222","no",,"92","6.0965285","D3-0_11534","D3-0",
"/media/kiwi/datasets/finalized/kaua2024a/AKEK_grid/D3-0_11534/Data/SMM11534_20240529_141500.wav","57","60","no",,"93","4.9465704","D3-0_11534","D3-0",
"/media/kiwi/datasets/finalized/kaua2024a/AKEK_grid/D3-0_11534/Data/SMM11534_20240606_111400.wav","93","96","no",,"94","6.5928454","D3-0_11534","D3-0",
"/media/kiwi/datasets/finalized/kaua2024a/AKEK_grid/D3-4-additional_11429/Data/SMM11429_20240501_072600.wav","162","165","no",,"95","8.402082","D3-4-additional_11429","D3-4-additional",
"/media/kiwi/datasets/finalized/kaua2024a/AKEK_grid/D3-4-additional_11429/Data/SMM11429_20240501_172600.wav","126","129","no",,"97","4.3699565","D3-4-additional_11429","D3-4-additional",
"/media/kiwi/datasets/finalized/kaua2024a/AKEK_grid/D3-4-additional_11429/Data/SMM11429_20240509_142100.wav","9","12","no",,"99","5.8907413","D3-4-additional_11429","D3-4-additional",
"/media/kiwi/datasets/finalized/kaua2024a/AKEK_grid/D4-0_11915/Data/SMM11915_20240313_150800.wav","222","225","yes",,"100","12.468855","D4-0_11915","D4-0",
"/media/kiwi/datasets/finalized/kaua2024a/AKEK_grid/D4-0_11915/Data/SMM11915_20240430_062700.wav","182","185","yes","","101","11.067816","D4-0_11915","D4-0",
"/media/kiwi/datasets/finalized/kaua2024a/AKEK_grid/D4-0_11915/Data/SMM11915_20240430_072700.wav","225","228","yes",,"102","11.393403","D4-0_11915","D4-0",
"/media/kiwi/datasets/finalized/kaua2024a/AKEK_grid/D4-0_11915/Data/SMM11915_20240523_141600.wav","129","132","yes",,"103","10.980411","D4-0_11915","D4-0",
"/media/kiwi/datasets/finalized/kaua2024a/AKEK_grid/D4-0_11915/Data/SMM11915_20240526_161500.wav","116","119","yes","","104","11.584744","D4-0_11915","D4-0",
"/media/kiwi/datasets/finalized/kaua2024a/AKEK_grid/D4-4_11791/Data/SMM11791_20240410_124200.wav","201","204","yes",,"105","10.665732","D4-4_11791","D4-4",
"/media/kiwi/datasets/finalized/kaua2024a/AKEK_grid/D4-4_11791/Data/SMM11791_20240429_162700.wav","6","9","yes",,"106","11.062624","D4-4_11791","D4-4",
"/media/kiwi/datasets/finalized/kaua2024a/AKEK_grid/D4-4_11791/Data/SMM11791_20240502_082500.wav","108","111","no",,"107","11.113009","D4-4_11791","D4-4",
"/media/kiwi/datasets/finalized/kaua2024a/AKEK_grid/D4-4_11791/Data/SMM11791_20240502_082500.wav","126","129","no",,"108","10.3638315","D4-4_11791","D4-4",
"/media/kiwi/datasets/finalized/kaua2024a/AKEK_grid/D4-4_11791/Data/SMM11791_20240520_181700.wav","153","156","yes",,"109","12.63798","D4-4_11791","D4-4",
"/media/kiwi/datasets/finalized/kaua2024a/AKEK_grid/D5-0_11442/Data/SMM11442_20240511_132000.wav","228","231","no",,"111","5.332212","D5-0_11442","D5-0",
"/media/kiwi/datasets/finalized/kaua2024a/AKEK_grid/D5-0_11442/Data/SMM11442_20240511_132000.wav","231","234","no",,"112","7.0941133","D5-0_11442","D5-0",
"/media/kiwi/datasets/finalized/kaua2024a/AKEK_grid/D5-0_11442/Data/SMM11442_20240514_091900.wav","219","222","no",,"113","3.8461292","D5-0_11442","D5-0",
"/media/kiwi/datasets/finalized/kaua2024a/AKEK_grid/D5-0_11442/Data/SMM11442_20240530_161400.wav","33","36","no",,"114","6.952424","D5-0_11442","D5-0",
"/media/kiwi/datasets/finalized/kaua2024a/AKEK_grid/D5-4_11471/Data/SMM11471_20240319_070300.wav","212","215","yes","","115","12.196511","D5-4_11471","D5-4",
"/media/kiwi/datasets/finalized/kaua2024a/AKEK_grid/D5-4_11471/Data/SMM11471_20240416_103700.wav","0","3","yes",,"116","11.752869","D5-4_11471","D5-4",
"/media/kiwi/datasets/finalized/kaua2024a/AKEK_grid/D5-4_11471/Data/SMM11471_20240525_181500.wav","177","180","yes",,"117","11.73247","D5-4_11471","D5-4",
"/media/kiwi/datasets/finalized/kaua2024a/AKEK_grid/D5-4_11471/Data/SMM11471_20240527_181500.wav","51","54","yes",,"118","11.9293165","D5-4_11471","D5-4",
"/media/kiwi/datasets/finalized/kaua2024a/AKEK_grid/D5-4_11471/Data/SMM11471_20240602_111400.wav","129","132","yes",,"119","11.957282","D5-4_11471","D5-4",
"/media/kiwi/datasets/finalized/kaua2024a/AKEK_grid/D6-0_11879/Data/SMM11879_20240509_102100.wav","3","6","no",,"120","11.424195","D6-0_11879","D6-0",
"/media/kiwi/datasets/finalized/kaua2024a/AKEK_grid/D6-0_11879/Data/SMM11879_20240513_081900.wav","60","63","no",,"121","11.346003","D6-0_11879","D6-0",
"/media/kiwi/datasets/finalized/kaua2024a/AKEK_grid/D6-0_11879/Data/SMM11879_20240513_081900.wav","195","198","no",,"122","16.70909","D6-0_11879","D6-0",
"/media/kiwi/datasets/finalized/kaua2024a/AKEK_grid/D6-0_11879/Data/SMM11879_20240606_101400.wav","147","150","no",,"123","11.474642","D6-0_11879","D6-0",
"/media/kiwi/datasets/finalized/kaua2024a/AKEK_grid/D6-0_11879/Data/SMM11879_20240606_101400.wav","210","213","no",,"124","13.227844","D6-0_11879","D6-0",
"/media/kiwi/datasets/finalized/kaua2024a/AKEK_grid/D6-2-additional_11923/Data/SMM11923_20240520_191700.wav","72","75","no",,"128","9.319202","D6-2-additional_11923","D6-2-additional",
"/media/kiwi/datasets/finalized/kaua2024a/AKEK_grid/D6-2-additional_11923/Data/SMM11923_20240521_061600.wav","15","18","no",,"129","8.625333","D6-2-additional_11923","D6-2-additional",
"/media/kiwi/datasets/finalized/kaua2024a/AKEK_grid/E5-0_11439/Data/SMM11439_20240508_122200.wav","45","48","no",,"130","2.2698443","E5-0_11439","E5-0",
"/media/kiwi/datasets/finalized/kaua2024a/AKEK_grid/E5-0_11439/Data/SMM11439_20240522_141600.wav","72","75","no",,"131","3.8593528","E5-0_11439","E5-0",
"/media/kiwi/datasets/finalized/kaua2024a/AKEK_grid/E5-0_11439/Data/SMM11439_20240522_141600.wav","75","78","no",,"132","4.9587235","E5-0_11439","E5-0",
"/media/kiwi/datasets/finalized/kaua2024a/AKEK_grid/E5-1_11797/Data/SMM11797_20240428_142800.wav","207","210","no",,"135","13.128127","E5-1_11797","E5-1",
"/media/kiwi/datasets/finalized/kaua2024a/AKEK_grid/E5-1_11797/Data/SMM11797_20240430_092700.wav","105","108","no",,"136","12.889275","E5-1_11797","E5-1",
"/media/kiwi/datasets/finalized/kaua2024a/AKEK_grid/E5-1_11797/Data/SMM11797_20240430_092700.wav","138","141","no",,"137","12.147258","E5-1_11797","E5-1",
"/media/kiwi/datasets/finalized/kaua2024a/AKEK_grid/E5-1_11797/Data/SMM11797_20240519_131700.wav","69","72","no",,"138","12.944313","E5-1_11797","E5-1",
"/media/kiwi/datasets/finalized/kaua2024a/AKEK_grid/E5-1_11797/Data/SMM11797_20240522_101600.wav","114","117","no",,"139","12.213962","E5-1_11797","E5-1",
"/media/kiwi/datasets/finalized/kaua2024a/AKEK_grid/E6-0_11800/Data/SMM11800_20240326_105600.wav","132","135","no",,"140","11.7756195","E6-0_11800","E6-0",
"/media/kiwi/datasets/finalized/kaua2024a/AKEK_grid/E6-0_11800/Data/SMM11800_20240429_122700.wav","168","171","no",,"141","11.951983","E6-0_11800","E6-0",
"/media/kiwi/datasets/finalized/kaua2024a/AKEK_grid/E6-0_11800/Data/SMM11800_20240510_162100.wav","138","141","no",,"142","12.66925","E6-0_11800","E6-0",
"/media/kiwi/datasets/finalized/kaua2024a/AKEK_grid/E6-3_11851/Data/SMM11851_20240311_151000.wav","45","48","no",,"145","9.23181","E6-3_11851","E6-3",
"/media/kiwi/datasets/finalized/kaua2024a/AKEK_grid/E6-3_11851/Data/SMM11851_20240512_162000.wav","225","228","no",,"146","8.228634","E6-3_11851","E6-3",
"/media/kiwi/datasets/finalized/kaua2024a/AKEK_grid/E6-3_11851/Data/SMM11851_20240512_162000.wav","234","237","no",,"147","9.779844","E6-3_11851","E6-3",
"/media/kiwi/datasets/finalized/kaua2024a/AKEK_grid/E6-3_11851/Data/SMM11851_20240519_181700.wav","159","162","no",,"148","10.322033","E6-3_11851","E6-3",
"/media/kiwi/datasets/finalized/kaua2024a/AKEK_grid/E6-3_11851/Data/SMM11851_20240519_181700.wav","201","204","no",,"149","9.810692","E6-3_11851","E6-3",
"/media/kiwi/datasets/finalized/kaua2024a/AKEK_grid/E7-0_11847/Data/SMM11847_20240502_122500.wav","162","165","no",,"150","8.686445","E7-0_11847","E7-0",
"/media/kiwi/datasets/finalized/kaua2024a/AKEK_grid/E7-0_11847/Data/SMM11847_20240502_122500.wav","216","219","no",,"151","6.558456","E7-0_11847","E7-0",
"/media/kiwi/datasets/finalized/kaua2024a/AKEK_grid/E7-0_11847/Data/SMM11847_20240523_131600.wav","123","126","no",,"152","6.1818147","E7-0_11847","E7-0",
"/media/kiwi/datasets/finalized/kaua2024a/AKEK_grid/E7-0_11847/Data/SMM11847_20240523_131600.wav","135","138","no",,"153","6.3145285","E7-0_11847","E7-0",
"/media/kiwi/datasets/finalized/kaua2024a/AKEK_grid/E7-0_11847/Data/SMM11847_20240523_131600.wav","147","150","no",,"154","6.534856","E7-0_11847","E7-0",
"/media/kiwi/datasets/finalized/kaua2024a/AKEK_grid/E7-2-extra_11917/Data/SMM11917_20240416_133700.wav","150","153","no",,"155","9.01993","E7-2-extra_11917","E7-2-extra",
"/media/kiwi/datasets/finalized/kaua2024a/AKEK_grid/E7-2-extra_11917/Data/SMM11917_20240501_122600.wav","3","6","no",,"156","8.949478","E7-2-extra_11917","E7-2-extra",
"/media/kiwi/datasets/finalized/kaua2024a/AKEK_grid/E7-2-extra_11917/Data/SMM11917_20240502_162500.wav","102","105","no",,"157","8.44011","E7-2-extra_11917","E7-2-extra",
"/media/kiwi/datasets/finalized/kaua2024a/AKEK_grid/E7-2-extra_11917/Data/SMM11917_20240612_121400.wav","99","102","no",,"158","8.2502165","E7-2-extra_11917","E7-2-extra",
"/media/kiwi/datasets/finalized/kaua2024a/AKEK_grid/E7-2-extra_11917/Data/SMM11917_20240616_161500.wav","198","201","no",,"159","8.630106","E7-2-extra_11917","E7-2-extra",
"/media/kiwi/datasets/finalized/kaua2024a/AKEK_grid/F5-0_11857/Data/SMM11857_20240528_151500.wav","180","183","no",,"165","0.9885486","F5-0_11857","F5-0",
"/media/kiwi/datasets/finalized/kaua2024a/AKEK_grid/F5-0_11857/Data/SMM11857_20240528_151500.wav","222","225","no",,"166","0.74798423","F5-0_11857","F5-0",
"/media/kiwi/datasets/finalized/kaua2024a/AKEK_grid/F5-0_11857/Data/SMM11857_20240628_181800.wav","204","207","no",,"167","0.69462615","F5-0_11857","F5-0",
"/media/kiwi/datasets/finalized/kaua2024a/AKEK_grid/F5-0_11857/Data/SMM11857_20240718_082500.wav","117","120","no",,"168","0.8570175","F5-0_11857","F5-0",
"/media/kiwi/datasets/finalized/kaua2024a/AKEK_grid/F5-0_11857/Data/SMM11857_20240725_102800.wav","177","180","no",,"169","0.73591965","F5-0_11857","F5-0",
"/media/kiwi/datasets/finalized/kaua2024a/AKEK_grid/F5-4_11910/Data/SMM11910_20240520_121700.wav","201","204","no",,"170","2.426278","F5-4_11910","F5-4",
"/media/kiwi/datasets/finalized/kaua2024a/AKEK_grid/F5-4_11910/Data/SMM11910_20240520_121700.wav","204","207","no",,"171","1.6236213","F5-4_11910","F5-4",
"/media/kiwi/datasets/finalized/kaua2024a/AKEK_grid/F5-4_11910/Data/SMM11910_20240524_101600.wav","228","231","no",,"172","1.8058542","F5-4_11910","F5-4",
"/media/kiwi/datasets/finalized/kaua2024a/AKEK_grid/F5-4_11910/Data/SMM11910_20240529_151500.wav","96","99","no",,"173","1.7844731","F5-4_11910","F5-4",
"/media/kiwi/datasets/finalized/kaua2024a/AKEK_grid/F5-4_11910/Data/SMM11910_20240530_081400.wav","69","72","no",,"174","1.519001","F5-4_11910","F5-4",
"/media/kiwi/datasets/finalized/kaua2024a/AKEK_grid/F6-0_11794/Data/SMM11794_20240527_151500.wav","186","189","no",,"175","2.072549","F6-0_11794","F6-0",
"/media/kiwi/datasets/finalized/kaua2024a/AKEK_grid/F6-0_11794/Data/SMM11794_20240528_091500.wav","129","132","no",,"176","2.6045585","F6-0_11794","F6-0",
"/media/kiwi/datasets/finalized/kaua2024a/AKEK_grid/F6-0_11794/Data/SMM11794_20240604_171400.wav","21","24","no",,"177","1.0910293","F6-0_11794","F6-0",
"/media/kiwi/datasets/finalized/kaua2024a/AKEK_grid/F6-0_11794/Data/SMM11794_20240605_121400.wav","12","15","no",,"178","5.280435","F6-0_11794","F6-0",
"/media/kiwi/datasets/finalized/kaua2024a/AKEK_grid/F6-0_11794/Data/SMM11794_20240606_141400.wav","81","84","no",,"179","1.484196","F6-0_11794","F6-0",
"/media/kiwi/datasets/finalized/kaua2024a/AKEK_grid/F7-0_11920/Data/SMM11920_20240503_132500.wav","60","63","no",,"180","2.0492868","F7-0_11920","F7-0",
"/media/kiwi/datasets/finalized/kaua2024a/AKEK_grid/F7-0_11920/Data/SMM11920_20240509_172100.wav","189","192","no",,"181","2.4665926","F7-0_11920","F7-0",
"/media/kiwi/datasets/finalized/kaua2024a/AKEK_grid/F7-0_11920/Data/SMM11920_20240510_092100.wav","42","45","no",,"182","1.958873","F7-0_11920","F7-0",
"/media/kiwi/datasets/finalized/kaua2024a/AKEK_grid/F7-0_11920/Data/SMM11920_20240520_161700.wav","84","87","no",,"183","1.9674635","F7-0_11920","F7-0",
"/media/kiwi/datasets/finalized/kaua2024a/AKEK_grid/F7-0_11920/Data/SMM11920_20240607_171400.wav","210","213","no",,"184","2.0044072","F7-0_11920","F7-0",
"/media/kiwi/datasets/finalized/kaua2024a/AKEK_grid/F7-2-extra_11455/Data/SMM11455_20240520_091700.wav","24","27","no",,"186","4.546126","F7-2-extra_11455","F7-2-extra",
"/media/kiwi/datasets/finalized/kaua2024a/AKEK_grid/F7-2-extra_11455/Data/SMM11455_20240605_101400.wav","189","192","no",,"187","1.402346","F7-2-extra_11455","F7-2-extra",
"/media/kiwi/datasets/finalized/kaua2024a/AKEK_grid/F7-2-extra_11455/Data/SMM11455_20240619_061500.wav","153","156","no",,"188","1.3556947","F7-2-extra_11455","F7-2-extra",
"/media/kiwi/datasets/finalized/kaua2024a/AKEK_grid/F7-2-extra_11455/Data/SMM11455_20240619_121500.wav","189","192","no",,"189","1.9834837","F7-2-extra_11455","F7-2-extra",
"/media/kiwi/datasets/finalized/kaua2024a/AKEK_grid/F8-0_11855/Data/SMM11855_20240404_134800.wav","231","234","no",,"190","3.7482789","F8-0_11855","F8-0",
"/media/kiwi/datasets/finalized/kaua2024a/AKEK_grid/F8-0_11855/Data/SMM11855_20240429_102800.wav","186","189","no",,"192","5.91592","F8-0_11855","F8-0",
"/media/kiwi/datasets/finalized/kaua2024a/AKEK_grid/F8-0_11855/Data/SMM11855_20240429_102800.wav","192","195","no",,"193","5.259149","F8-0_11855","F8-0",
"/media/kiwi/datasets/finalized/kaua2024a/AKEK_grid/F8-2_11868/Data/SMM11868_20240514_081900.wav","183","186","uncertain","most likely not KAAM, AKEK?","195","9.142943","F8-2_11868","F8-2","MELT imitating KAAM"
"/media/kiwi/datasets/finalized/kaua2024a/AKEK_grid/F8-2_11868/Data/SMM11868_20240528_061500.wav","141","144","no",,"196","10.1644335","F8-2_11868","F8-2",
"/media/kiwi/datasets/finalized/kaua2024a/AKEK_grid/F8-2_11868/Data/SMM11868_20240603_161400.wav","216","219","no",,"197","7.670282","F8-2_11868","F8-2",
"/media/kiwi/datasets/finalized/kaua2024a/AKEK_grid/F8-2_11868/Data/SMM11868_20240607_121400.wav","180","183","no",,"198","7.763482","F8-2_11868","F8-2",
"/media/kiwi/datasets/finalized/kaua2024a/AKEK_grid/F8-2_11868/Data/SMM11868_20240607_121400.wav","186","189","no",,"199","9.93804","F8-2_11868","F8-2",
"/media/kiwi/datasets/finalized/kaua2024a/AKEK_grid/G5-0_11460/Data/SMM11460_20240521_121600.wav","78","81","yes",,"200","2.1156385","G5-0_11460","G5-0",
"/media/kiwi/datasets/finalized/kaua2024a/AKEK_grid/G5-0_11460/Data/SMM11460_20240524_091600.wav","51","54","yes",,"201","3.4894578","G5-0_11460","G5-0",
"/media/kiwi/datasets/finalized/kaua2024a/AKEK_grid/G5-0_11460/Data/SMM11460_20240602_121400.wav","114","117","no",,"202","2.29132","G5-0_11460","G5-0",
"/media/kiwi/datasets/finalized/kaua2024a/AKEK_grid/G5-0_11460/Data/SMM11460_20240703_071900.wav","216","219","no",,"203","2.4088058","G5-0_11460","G5-0",
"/media/kiwi/datasets/finalized/kaua2024a/AKEK_grid/G5-0_11460/Data/SMM11460_20240804_113200.wav","189","192","no",,"204","2.476893","G5-0_11460","G5-0",
"/media/kiwi/datasets/finalized/kaua2024a/AKEK_grid/G5-4_11463/Data/SMM11463_20240416_143700.wav","171","174","no",,"205","3.4710045","G5-4_11463","G5-4",
"/media/kiwi/datasets/finalized/kaua2024a/AKEK_grid/G5-4_11463/Data/SMM11463_20240524_161600.wav","195","198","no",,"206","1.9136943","G5-4_11463","G5-4",
"/media/kiwi/datasets/finalized/kaua2024a/AKEK_grid/G5-4_11463/Data/SMM11463_20240619_101500.wav","237","240","no",,"207","5.2588525","G5-4_11463","G5-4",
"/media/kiwi/datasets/finalized/kaua2024a/AKEK_grid/G5-4_11463/Data/SMM11463_20240705_132000.wav","93","96","no",,"208","1.7895588","G5-4_11463","G5-4",
"/media/kiwi/datasets/finalized/kaua2024a/AKEK_grid/G5-4_11463/Data/SMM11463_20240805_093200.wav","165","168","no",,"209","2.075436","G5-4_11463","G5-4",
"/media/kiwi/datasets/finalized/kaua2024a/AKEK_grid/G6-0_11452/Data/SMM11452_20240412_184100.wav","138","141","no",,"210","10.961796","G6-0_11452","G6-0",
"/media/kiwi/datasets/finalized/kaua2024a/AKEK_grid/G6-0_11452/Data/SMM11452_20240428_142800.wav","33","36","no",,"211","10.563926","G6-0_11452","G6-0",
"/media/kiwi/datasets/finalized/kaua2024a/AKEK_grid/G6-0_11452/Data/SMM11452_20240511_112000.wav","87","90","no",,"212","16.234587","G6-0_11452","G6-0",
"/media/kiwi/datasets/finalized/kaua2024a/AKEK_grid/G6-0_11452/Data/SMM11452_20240524_111600.wav","42","45","no",,"213","11.685073","G6-0_11452","G6-0",
"/media/kiwi/datasets/finalized/kaua2024a/AKEK_grid/G6-0_11452/Data/SMM11452_20240526_101500.wav","230","233","yes","","214","10.623945","G6-0_11452","G6-0","Song hard to ID, occurs at end of recording, but earlier there's a very good sounding call"
"/media/kiwi/datasets/finalized/kaua2024a/AKEK_grid/G6-4_11432/Data/SMM11432_20240416_123700.wav","63","66","no",,"215","11.119145","G6-4_11432","G6-4",
"/media/kiwi/datasets/finalized/kaua2024a/AKEK_grid/G6-4_11432/Data/SMM11432_20240422_183200.wav","51","54","no",,"216","10.477478","G6-4_11432","G6-4",
"/media/kiwi/datasets/finalized/kaua2024a/AKEK_grid/G6-4_11432/Data/SMM11432_20240422_183200.wav","54","57","no",,"217","10.224757","G6-4_11432","G6-4",
"/media/kiwi/datasets/finalized/kaua2024a/AKEK_grid/G6-4_11432/Data/SMM11432_20240422_183200.wav","72","75","no",,"218","10.810541","G6-4_11432","G6-4",
"/media/kiwi/datasets/finalized/kaua2024a/AKEK_grid/G6-4_11432/Data/SMM11432_20240429_122700.wav","48","51","no",,"219","10.236853","G6-4_11432","G6-4",
"/media/kiwi/datasets/finalized/kaua2024a/AKEK_grid/G8-0_11908/Data/SMM11908_20240428_132800.wav","120","123","no",,"225","0.12800606","G8-0_11908","G8-0",
"/media/kiwi/datasets/finalized/kaua2024a/AKEK_grid/G8-0_11908/Data/SMM11908_20240521_181600.wav","0","3","no",,"226","7.0422244","G8-0_11908","G8-0",
"/media/kiwi/datasets/finalized/kaua2024a/AKEK_grid/G8-0_11908/Data/SMM11908_20240611_151400.wav","69","72","no",,"227","0.044404842","G8-0_11908","G8-0",
"/media/kiwi/datasets/finalized/kaua2024a/AKEK_grid/G9-0_11444/Data/SMM11444_20240430_112600.wav","132","135","no",,"228","8.2135515","G9-0_11444","G9-0",
"/media/kiwi/datasets/finalized/kaua2024a/AKEK_grid/G9-0_11444/Data/SMM11444_20240524_131500.wav","189","192","no",,"229","8.15528","G9-0_11444","G9-0",
"/media/kiwi/datasets/finalized/kaua2024a/AKEK_grid/G9-0_11444/Data/SMM11444_20240526_141500.wav","3","6","no",,"230","7.903979","G9-0_11444","G9-0",
"/media/kiwi/datasets/finalized/kaua2024a/AKEK_grid/G9-0_11444/Data/SMM11444_20240607_111400.wav","69","72","uncertain",,"231","7.982699","G9-0_11444","G9-0",
"/media/kiwi/datasets/finalized/kaua2024a/AKEK_grid/G9-0_11444/Data/SMM11444_20240607_111400.wav","186","189","uncertain",,"232","7.985888","G9-0_11444","G9-0",
"/media/kiwi/datasets/finalized/kaua2024a/AKEK_grid/H10-0_11438/Data/SMM11438_20240416_143700.wav","90","93","no",,"233","0.17885926","H10-0_11438","H10-0",
"/media/kiwi/datasets/finalized/kaua2024a/AKEK_grid/H10-0_11438/Data/SMM11438_20240606_141400.wav","153","156","no",,"234","1.2935556","H10-0_11438","H10-0",
"/media/kiwi/datasets/finalized/kaua2024a/AKEK_grid/H6-0_11434/Data/SMM11434_20240412_154100.wav","60","63","yes",,"235","11.586496","H6-0_11434","H6-0",
"/media/kiwi/datasets/finalized/kaua2024a/AKEK_grid/H6-0_11434/Data/SMM11434_20240512_132000.wav","21","24","uncertain","KAAM? i think?","239","6.746886","H6-0_11434","H6-0","could be AKEK song"
"/media/kiwi/datasets/finalized/kaua2024a/AKEK_grid/H6-4_11454/Data/SMM11454_20240605_121400.wav","44","47","yes","","244","9.890645","H6-4_11454","H6-4",
"/media/kiwi/datasets/finalized/kaua2024a/AKEK_grid/H7-0_11456/Data/SMM11456_20240430_132700.wav","99","102","no",,"249","3.1944206","H7-0_11456","H7-0",
"/media/kiwi/datasets/finalized/kaua2024a/AKEK_grid/H7-0_11456/Data/SMM11456_20240605_151400.wav","138","141","no",,"250","3.481568","H7-0_11456","H7-0",
"/media/kiwi/datasets/finalized/kaua2024a/AKEK_grid/H7-3_11436/Data/SMM11436_20240426_172900.wav","216","219","no",,"253","12.391007","H7-3_11436","H7-3",
"/media/kiwi/datasets/finalized/kaua2024a/AKEK_grid/H7-3_11436/Data/SMM11436_20240528_181500.wav","222","225","no",,"254","10.726519","H7-3_11436","H7-3",
"/media/kiwi/datasets/finalized/kaua2024a/AKEK_grid/H8-4-additional_11467/Data/SMM11467_20240412_134000.wav","30","33","no",,"261","11.425536","H8-4-additional_11467","H8-4-additional",
"/media/kiwi/datasets/finalized/kaua2024a/AKEK_grid/H8-4-additional_11467/Data/SMM11467_20240509_072100.wav","36","39","no",,"262","11.262286","H8-4-additional_11467","H8-4-additional",
"/media/kiwi/datasets/finalized/kaua2024a/AKEK_grid/H8-4-additional_11467/Data/SMM11467_20240517_131800.wav","6","9","no",,"263","10.456996","H8-4-additional_11467","H8-4-additional",
"/media/kiwi/datasets/finalized/kaua2024a/AKEK_grid/H8-4-additional_11467/Data/SMM11467_20240607_111400.wav","201","204","yes",,"264","11.442714","H8-4-additional_11467","H8-4-additional",
"/media/kiwi/datasets/finalized/kaua2024a/AKEK_grid/H8-4-additional_11467/Data/SMM11467_20240607_111400.wav","225","228","yes",,"265","10.721903","H8-4-additional_11467","H8-4-additional",
"/media/kiwi/datasets/finalized/kaua2024a/AKEK_grid/H9-3-additional_11524/Data/SMM11524_20240610_071400.wav","21","24","no",,"270","1.5779676","H9-3-additional_11524","H9-3-additional","some sort of begging call?"
"/media/kiwi/datasets/finalized/kaua2024a/AKEK_grid/I6-0_11466/Data/SMM11466_20240602_141400.wav","6","9","no",,"272","2.1598492","I6-0_11466","I6-0",
"/media/kiwi/datasets/finalized/kaua2024a/AKEK_grid/I6-0_11466/Data/SMM11466_20240603_171400.wav","60","63","no",,"274","1.023815","I6-0_11466","I6-0",
"/media/kiwi/datasets/finalized/kaua2024a/AKEK_grid/I6-0_11466/Data/SMM11466_20240605_091400.wav","81","84","no",,"275","2.013554","I6-0_11466","I6-0",
"/media/kiwi/datasets/finalized/kaua2024a/AKEK_grid/I6-1_11426/Data/SMM11426_20240413_144000.wav","147","150","yes",,"276","9.865245","I6-1_11426","I6-1",
"/media/kiwi/datasets/finalized/kaua2024a/AKEK_grid/I6-1_11426/Data/SMM11426_20240415_183800.wav","90","93","yes",,"277","10.460251","I6-1_11426","I6-1",
"/media/kiwi/datasets/finalized/kaua2024a/AKEK_grid/I6-1_11426/Data/SMM11426_20240501_072600.wav","114","117","yes",,"278","9.603786","I6-1_11426","I6-1",
"/media/kiwi/datasets/finalized/kaua2024a/AKEK_grid/I6-1_11426/Data/SMM11426_20240501_072600.wav","141","144","uncertain",,"279","8.884673","I6-1_11426","I6-1",
"/media/kiwi/datasets/finalized/kaua2024a/AKEK_grid/I6-1_11426/Data/SMM11426_20240501_072600.wav","168","171","yes",,"280","8.413177","I6-1_11426","I6-1",
"/media/kiwi/datasets/finalized/kaua2024a/AKEK_grid/I7-0_11458/Data/SMM11458_20240426_052900.wav","80","83","yes","","283","11.857135","I7-0_11458","I7-0",
"/media/kiwi/datasets/finalized/kaua2024a/AKEK_grid/I7-0_11458/Data/SMM11458_20240426_052900.wav","180","183","yes",,"284","10.507093","I7-0_11458","I7-0",
"/media/kiwi/datasets/finalized/kaua2024a/AKEK_grid/I7-0_11458/Data/SMM11458_20240428_082800.wav","45","48","yes",,"285","11.6156225","I7-0_11458","I7-0",
"/media/kiwi/datasets/finalized/kaua2024a/AKEK_grid/I7-3_11447/Data/SMM11447_20240416_093700.wav","72","75","uncertain",,"286","4.973825","I7-3_11447","I7-3",
"/media/kiwi/datasets/finalized/kaua2024a/AKEK_grid/I7-3_11447/Data/SMM11447_20240416_093700.wav","75","78","uncertain",,"287","5.4554453","I7-3_11447","I7-3",
"/media/kiwi/datasets/finalized/kaua2024a/AKEK_grid/I7-3_11447/Data/SMM11447_20240522_141600.wav","63","66","no",,"288","1.5823487","I7-3_11447","I7-3",
"/media/kiwi/datasets/finalized/kaua2024a/AKEK_grid/I7-3_11447/Data/SMM11447_20240602_131400.wav","69","72","uncertain",,"289","0.9661657","I7-3_11447","I7-3",
"/media/kiwi/datasets/finalized/kaua2024a/AKEK_grid/I8-0_11531/Data/SMM11531_20240413_124000.wav","48","51","yes",,"291","12.071958","I8-0_11531","I8-0",
"/media/kiwi/datasets/finalized/kaua2024a/AKEK_grid/I8-0_11531/Data/SMM11531_20240413_124000.wav","81","84","yes",,"292","12.121256","I8-0_11531","I8-0",
"/media/kiwi/datasets/finalized/kaua2024a/AKEK_grid/I8-0_11531/Data/SMM11531_20240417_123600.wav","168","171","yes",,"293","13.206235","I8-0_11531","I8-0",
"/media/kiwi/datasets/finalized/kaua2024a/AKEK_grid/I8-0_11531/Data/SMM11531_20240502_162500.wav","0","3","yes",,"295","12.195243","I8-0_11531","I8-0",
"/media/kiwi/datasets/finalized/kaua2024a/AKEK_grid/I8-2-additional_11450/Data/SMM11450_20240423_163200.wav","201","204","yes",,"296","10.931625","I8-2-additional_11450","I8-2-additional",
"/media/kiwi/datasets/finalized/kaua2024a/AKEK_grid/I8-2-additional_11450/Data/SMM11450_20240429_132700.wav","198","201","yes",,"297","10.921383","I8-2-additional_11450","I8-2-additional",
"/media/kiwi/datasets/finalized/kaua2024a/AKEK_grid/I8-2-additional_11450/Data/SMM11450_20240505_092300.wav","75","78","yes",,"298","11.568329","I8-2-additional_11450","I8-2-additional",
"/media/kiwi/datasets/finalized/kaua2024a/AKEK_grid/I8-2-additional_11450/Data/SMM11450_20240515_161800.wav","39","42","no",,"299","11.780757","I8-2-additional_11450","I8-2-additional",
"/media/kiwi/datasets/finalized/kaua2024a/AKEK_grid/I8-2-additional_11450/Data/SMM11450_20240525_091500.wav","156","159","uncertain",,"300","12.548351","I8-2-additional_11450","I8-2-additional",
"/media/kiwi/datasets/finalized/kaua2024a/AKEK_grid/I9-0_11461/Data/SMM11461_20240417_183600.wav","21","24","no",,"301","4.1363087","I9-0_11461","I9-0",
"/media/kiwi/datasets/finalized/kaua2024a/AKEK_grid/I9-0_11461/Data/SMM11461_20240417_183600.wav","135","138","no",,"302","3.9071596","I9-0_11461","I9-0",
"/media/kiwi/datasets/finalized/kaua2024a/AKEK_grid/I9-0_11461/Data/SMM11461_20240417_183600.wav","198","201","no",,"303","4.4933167","I9-0_11461","I9-0",
"/media/kiwi/datasets/finalized/kaua2024a/AKEK_grid/I9-0_11461/Data/SMM11461_20240512_182000.wav","9","12","no",,"304","5.405702","I9-0_11461","I9-0",
"/media/kiwi/datasets/finalized/kaua2024a/AKEK_grid/I9-0_11461/Data/SMM11461_20240519_161700.wav","138","141","uncertain",,"305","4.1481752","I9-0_11461","I9-0",
"/media/kiwi/datasets/finalized/kaua2024a/AKEK_grid/I9-2_11428/Data/SMM11428_20240504_082400.wav","9","12","no",,"308","10.849716","I9-2_11428","I9-2",
"/media/kiwi/datasets/finalized/kaua2024a/AKEK_grid/I9-2_11428/Data/SMM11428_20240510_192100.wav","54","57","no",,"309","11.490054","I9-2_11428","I9-2",
"/media/kiwi/datasets/finalized/kaua2024a/AKEK_grid/I9-2_11428/Data/SMM11428_20240524_091500.wav","237","240","no",,"310","12.194018","I9-2_11428","I9-2",
"/media/kiwi/datasets/finalized/kaua2024a/PUAI_OS/OS-HH-01_14288/Data/SMM14288_20240605_111400.wav","195","198","yes",,"312","11.038116","OS-HH-01_14288","OS-HH-01",
"/media/kiwi/datasets/finalized/kaua2024a/PUAI_OS/OS-HH-01_14288/Data/SMM14288_20240607_111400.wav","111","114","yes",,"313","9.588208","OS-HH-01_14288","OS-HH-01",
"/media/kiwi/datasets/finalized/kaua2024a/PUAI_OS/OS-HH-01_14288/Data/SMM14288_20240607_111400.wav","135","138","yes",,"314","9.895198","OS-HH-01_14288","OS-HH-01",
"/media/kiwi/datasets/finalized/kaua2024a/PUAI_OS/OS-HH-01_14288/Data/SMM14288_20240607_171400.wav","30","33","yes",,"315","9.6217985","OS-HH-01_14288","OS-HH-01",
"/media/kiwi/datasets/finalized/kaua2024a/PUAI_OS/OS-HH-07_14352/Data/SMM14352_20240522_091600.wav","114","117","no",,"322","9.4906025","OS-HH-07_14352","OS-HH-07",
"/media/kiwi/datasets/finalized/kaua2024a/PUAI_OS/OS-HH-17_14356/Data/SMM14356_20240522_141600.wav","204","207","no",,"348","2.1323357","OS-HH-17_14356","OS-HH-17",
"/media/kiwi/datasets/finalized/kaua2024a/PUAI_OS/OS-HPK-06_14268/Data/SMM14268_20240522_091600.wav","177","180","yes",,"371","9.474277","OS-HPK-06_14268","OS-HPK-06",
"/media/kiwi/datasets/finalized/kaua2024a/PUAI_OS/OS-HPK-06_14268/Data/SMM14268_20240527_091500.wav","60","63","yes",,"373","9.548142","OS-HPK-06_14268","OS-HPK-06",
"/media/kiwi/datasets/finalized/kaua2024a/PUAI_OS/OS-HPK-06_14268/Data/SMM14268_20240527_111500.wav","192","195","yes",,"374","9.408166","OS-HPK-06_14268","OS-HPK-06",
"/media/kiwi/datasets/finalized/kaua2024a/PUAI_OS/OS-HPK-06_14268/Data/SMM14268_20240527_171500.wav","228","231","yes",,"375","9.294414","OS-HPK-06_14268","OS-HPK-06",
"/media/kiwi/datasets/finalized/kaua2024a/PUAI_OS/OS-HPK-14_14282/Data/SMM14282_20240417_093600.wav","105","108","no",,"381","10.307578","OS-HPK-14_14282","OS-HPK-14",
"/media/kiwi/datasets/finalized/kaua2024a/PUAI_OS/OS-HPK-14_14282/Data/SMM14282_20240422_133200.wav","201","204","no",,"382","11.283478","OS-HPK-14_14282","OS-HPK-14",
"/media/kiwi/datasets/finalized/kaua2024a/PUAI_OS/OS-HPK-14_14282/Data/SMM14282_20240429_082700.wav","150","153","no",,"384","10.728829","OS-HPK-14_14282","OS-HPK-14",
"/media/kiwi/datasets/finalized/kaua2024a/PUAI_OS/OS-HPK-14_14282/Data/SMM14282_20240507_122200.wav","150","153","no",,"385","10.189872","OS-HPK-14_14282","OS-HPK-14",
"/media/kiwi/datasets/finalized/kaua2024a/PUAI_OS/OS-HPK-16_14369/Data/SMM14369_20240430_142700.wav","3","6","uncertain","75% ANIA, 25% KAAM","386","10.08149","OS-HPK-16_14369","OS-HPK-16",
"/media/kiwi/datasets/finalized/kaua2024a/PUAI_OS/OS-HPK-16_14369/Data/SMM14369_20240509_142100.wav","27","30","uncertain",,"387","10.170537","OS-HPK-16_14369","OS-HPK-16",
"/media/kiwi/datasets/finalized/kaua2024a/PUAI_OS/OS-HPK-16_14369/Data/SMM14369_20240509_152100.wav","171","174","uncertain",,"388","9.995013","OS-HPK-16_14369","OS-HPK-16",
"/media/kiwi/datasets/finalized/kaua2024a/PUAI_OS/OS-HPK-16_14369/Data/SMM14369_20240510_112100.wav","126","129","no",,"389","9.790248","OS-HPK-16_14369","OS-HPK-16",
"/media/kiwi/datasets/finalized/kaua2024a/PUAI_OS/OS-HPK-16_14369/Data/SMM14369_20240515_131800.wav","26","29","yes","","390","9.829648","OS-HPK-16_14369","OS-HPK-16",
"/media/kiwi/datasets/finalized/kaua2024a/PUAI_OS/OS-HPK-18_14266/Data/SMM14266_20240410_154200.wav","3","6","no",,"391","5.1798105","OS-HPK-18_14266","OS-HPK-18",
"/media/kiwi/datasets/finalized/kaua2024a/PUAI_OS/OS-HPK-18_14266/Data/SMM14266_20240410_154200.wav","9","12","no",,"392","5.248185","OS-HPK-18_14266","OS-HPK-18",
"/media/kiwi/datasets/finalized/kaua2024a/PUAI_OS/OS-HPK-18_14266/Data/SMM14266_20240502_142500.wav","27","30","no",,"393","9.383115","OS-HPK-18_14266","OS-HPK-18",
"/media/kiwi/datasets/finalized/kaua2024a/PUAI_OS/OS-HPK-18_14266/Data/SMM14266_20240521_061600.wav","180","183","uncertain",,"394","5.7767177","OS-HPK-18_14266","OS-HPK-18",
"/media/kiwi/datasets/finalized/kaua2024a/PUAI_OS/OS-HPK-18_14266/Data/SMM14266_20240521_061600.wav","186","189","uncertain",,"395","6.478008","OS-HPK-18_14266","OS-HPK-18",
"/media/kiwi/datasets/finalized/kaua2024a/PUAI_OS/OS-HPK-20_14379/Data/SMM14379_20240411_064100.wav","45","48","no",,"396","2.6573422","OS-HPK-20_14379","OS-HPK-20",
"/media/kiwi/datasets/finalized/kaua2024a/PUAI_OS/OS-HPK-20_14379/Data/SMM14379_20240515_161800.wav","174","177","no",,"397","1.9257653","OS-HPK-20_14379","OS-HPK-20",
"/media/kiwi/datasets/finalized/kaua2024a/PUAI_OS/OS-HPK-20_14379/Data/SMM14379_20240530_131400.wav","0","3","yes","","398","5.603303","OS-HPK-20_14379","OS-HPK-20",
"/media/kiwi/datasets/finalized/kaua2024a/PUAI_OS/OS-HPK-20_14379/Data/SMM14379_20240606_151400.wav","108","111","no",,"399","0.7977562","OS-HPK-20_14379","OS-HPK-20",
"/media/kiwi/datasets/finalized/kaua2024a/PUAI_OS/OS-HPK-20_14379/Data/SMM14379_20240607_161400.wav","84","87","no",,"400","0.62295103","OS-HPK-20_14379","OS-HPK-20",
"/media/kiwi/datasets/finalized/kaua2024a/PUAI_OS/OS-HPK-21_14351/Data/SMM14351_20240420_123400.wav","225","228","uncertain","75% AKEK, 25% KAAM. Steps down in pitch","401","10.130486","OS-HPK-21_14351","OS-HPK-21",
"/media/kiwi/datasets/finalized/kaua2024a/PUAI_OS/OS-HPK-21_14351/Data/SMM14351_20240422_133200.wav","116","119","uncertain","","402","10.180554","OS-HPK-21_14351","OS-HPK-21",
"/media/kiwi/datasets/finalized/kaua2024a/PUAI_OS/OS-HPK-21_14351/Data/SMM14351_20240428_092800.wav","129","132","uncertain","75% AKEK, 25% KAAM. Steps down in pitch","403","8.841149","OS-HPK-21_14351","OS-HPK-21",
"/media/kiwi/datasets/finalized/kaua2024a/PUAI_OS/OS-HPK-21_14351/Data/SMM14351_20240502_102500.wav","201","204","yes",,"404","9.152633","OS-HPK-21_14351","OS-HPK-21",
"/media/kiwi/datasets/finalized/kaua2024a/PUAI_OS/OS-HPK-21_14351/Data/SMM14351_20240502_102500.wav","207","210","yes",,"405","11.284466","OS-HPK-21_14351","OS-HPK-21",
"/media/kiwi/datasets/finalized/kaua2024a/PUAI_OS/OS-HPK-22_14269/Data/SMM14269_20240421_153300.wav","144","147","yes",,"406","10.202964","OS-HPK-22_14269","OS-HPK-22",
"/media/kiwi/datasets/finalized/kaua2024a/PUAI_OS/OS-HPK-22_14269/Data/SMM14269_20240426_172900.wav","141","144","uncertain",,"408","10.338252","OS-HPK-22_14269","OS-HPK-22",
"/media/kiwi/datasets/finalized/kaua2024a/PUAI_OS/OS-HPK-22_14269/Data/SMM14269_20240502_122500.wav","138","141","yes",,"409","10.9192915","OS-HPK-22_14269","OS-HPK-22",
"/media/kiwi/datasets/finalized/kaua2024a/PUAI_OS/OS-MOH-06_14249/Data/SMM14249_20240502_062500.wav","102","105","yes",,"421","11.534977","OS-MOH-06_14249","OS-MOH-06",
"/media/kiwi/datasets/finalized/kaua2024a/PUAI_OS/OS-MOH-06_14249/Data/SMM14249_20240502_062500.wav","156","159","uncertain",,"422","12.785656","OS-MOH-06_14249","OS-MOH-06",
"/media/kiwi/datasets/finalized/kaua2024a/PUAI_OS/OS-MOH-06_14249/Data/SMM14249_20240522_061600.wav","90","93","uncertain",,"423","10.639224","OS-MOH-06_14249","OS-MOH-06",
"/media/kiwi/datasets/finalized/kaua2024a/PUAI_OS/OS-MOH-06_14249/Data/SMM14249_20240522_091600.wav","15","18","uncertain",,"424","11.262988","OS-MOH-06_14249","OS-MOH-06",
"/media/kiwi/datasets/finalized/kaua2024a/PUAI_OS/OS-MOH-06_14249/Data/SMM14249_20240522_091600.wav","78","81","uncertain",,"425","10.922305","OS-MOH-06_14249","OS-MOH-06",
"/media/kiwi/datasets/finalized/kaua2024a/PUAI_OS/OS-MOH-10_14260/Data/SMM14260_20240508_152200.wav","135","138","no",,"431","14.239947","OS-MOH-10_14260","OS-MOH-10",
"/media/kiwi/datasets/finalized/kaua2024a/PUAI_OS/OS-MOH-10_14260/Data/SMM14260_20240509_162100.wav","216","219","no",,"432","14.055219","OS-MOH-10_14260","OS-MOH-10",
"/media/kiwi/datasets/finalized/kaua2024a/PUAI_OS/OS-MOH-10_14260/Data/SMM14260_20240530_141400.wav","0","3","no",,"433","14.060382","OS-MOH-10_14260","OS-MOH-10",
"/media/kiwi/datasets/finalized/kaua2024a/PUAI_OS/OS-MOH-10_14260/Data/SMM14260_20240602_151400.wav","117","120","no",,"434","14.120147","OS-MOH-10_14260","OS-MOH-10",
"/media/kiwi/datasets/finalized/kaua2024a/PUAI_OS/OS-MOH-10_14260/Data/SMM14260_20240613_171400.wav","135","138","no",,"435","13.989387","OS-MOH-10_14260","OS-MOH-10",
"/media/kiwi/datasets/finalized/kaua2024a/PUAI_OS/OS-MOH-14_14258/Data/SMM14258_20240501_072600.wav","21","24","no",,"441","8.734976","OS-MOH-14_14258","OS-MOH-14",
"/media/kiwi/datasets/finalized/kaua2024a/PUAI_OS/OS-MOH-14_14258/Data/SMM14258_20240501_072600.wav","27","30","no",,"442","6.7190337","OS-MOH-14_14258","OS-MOH-14",
"/media/kiwi/datasets/finalized/kaua2024a/PUAI_OS/OS-MOH-14_14258/Data/SMM14258_20240503_142500.wav","111","114","no",,"443","7.4950967","OS-MOH-14_14258","OS-MOH-14",
"/media/kiwi/datasets/finalized/kaua2024a/PUAI_OS/OS-UUK-02_11914/Data/SMM11914_20240530_111400.wav","207","210","no",,"461","2.4651268","OS-UUK-02_11914","OS-UUK-02",
"/media/kiwi/datasets/finalized/kaua2024a/PUAI_OS/OS-UUK-02_11914/Data/SMM11914_20240605_141400.wav","36","39","no",,"462","2.4454842","OS-UUK-02_11914","OS-UUK-02",
"/media/kiwi/datasets/finalized/kaua2024a/PUAI_OS/OS-UUK-02_11914/Data/SMM11914_20240605_141400.wav","39","42","no",,"463","5.760673","OS-UUK-02_11914","OS-UUK-02",
"/media/kiwi/datasets/finalized/kaua2024a/PUAI_OS/OS-UUK-02_11914/Data/SMM11914_20240606_071400.wav","189","192","no",,"464","2.1793256","OS-UUK-02_11914","OS-UUK-02",
"/media/kiwi/datasets/finalized/kaua2024a/PUAI_OS/OS-UUK-02_11914/Data/SMM11914_20240606_121400.wav","186","189","no",,"465","4.6959743","OS-UUK-02_11914","OS-UUK-02",
"/media/kiwi/datasets/finalized/kaua2024a/PUAI_OS/OS-UUK-04_14241/Data/SMM14241_20240522_161600.wav","111","114","no",,"466","0.8282213","OS-UUK-04_14241","OS-UUK-04",
"/media/kiwi/datasets/finalized/kaua2024a/PUAI_OS/OS-UUK-04_14241/Data/SMM14241_20240525_181500.wav","111","114","no",,"467","0.42543197","OS-UUK-04_14241","OS-UUK-04",
"/media/kiwi/datasets/finalized/kaua2024a/PUAI_OS/OS-UUK-04_14241/Data/SMM14241_20240525_181500.wav","165","168","no",,"468","0.45238972","OS-UUK-04_14241","OS-UUK-04",
"/media/kiwi/datasets/finalized/kaua2024a/PUAI_OS/OS-UUK-04_14241/Data/SMM14241_20240528_181500.wav","213","216","no",,"469","1.2243353","OS-UUK-04_14241","OS-UUK-04",
"/media/kiwi/datasets/finalized/kaua2024a/PUAI_OS/OS-UUK-04_14241/Data/SMM14241_20240617_081500.wav","168","171","no",,"470","2.914206","OS-UUK-04_14241","OS-UUK-04",
"/media/kiwi/datasets/finalized/kaua2024a/PUAI_OS/OS-UUK-06_11848/Data/SMM11848_20240530_101200.wav","75","78","no",,"471","1.7655598","OS-UUK-06_11848","OS-UUK-06",
"/media/kiwi/datasets/finalized/kaua2024a/PUAI_OS/OS-UUK-06_11848/Data/SMM11848_20240605_141100.wav","147","150","no",,"472","0.59671813","OS-UUK-06_11848","OS-UUK-06",
"/media/kiwi/datasets/finalized/kaua2024a/PUAI_OS/OS-UUK-06_11848/Data/SMM11848_20240605_161100.wav","30","33","no",,"473","0.8654028","OS-UUK-06_11848","OS-UUK-06",
"/media/kiwi/datasets/finalized/kaua2024a/PUAI_OS/OS-UUK-06_11848/Data/SMM11848_20240616_171200.wav","189","192","no",,"474","1.0094594","OS-UUK-06_11848","OS-UUK-06",
"/media/kiwi/datasets/finalized/kaua2024a/PUAI_OS/OS-UUK-06_11848/Data/SMM11848_20240628_061500.wav","117","120","no",,"475","1.0393856","OS-UUK-06_11848","OS-UUK-06",
"/media/kiwi/datasets/finalized/kaua2024a/PUAI_OS/OS-UUK-10_11859/Data/SMM11859_20240517_181800.wav","114","117","yes",,"476","4.0165534","OS-UUK-10_11859","OS-UUK-10",
"/media/kiwi/datasets/finalized/kaua2024a/PUAI_OS/OS-UUK-10_11859/Data/SMM11859_20240521_091600.wav","15","18","uncertain","cannot see end bit of trill, maybe KAAM. double check","477","5.6215205","OS-UUK-10_11859","OS-UUK-10",
"/media/kiwi/datasets/finalized/kaua2024a/PUAI_OS/OS-UUK-10_11859/Data/SMM11859_20240521_091600.wav","45","48","uncertain","noise at end of song, maybe whisper song?","478","3.8360825","OS-UUK-10_11859","OS-UUK-10",
"/media/kiwi/datasets/finalized/kaua2024a/PUAI_OS/OS-UUK-10_11859/Data/SMM11859_20240521_091600.wav","74","77","yes","","479","2.785127","OS-UUK-10_11859","OS-UUK-10",
"/media/kiwi/datasets/finalized/kaua2024a/PUAI_OS/OS-UUK-10_11859/Data/SMM11859_20240526_171500.wav","84","87","no",,"480","3.7636783","OS-UUK-10_11859","OS-UUK-10",
"/media/kiwi/datasets/finalized/kaua2024a/PUAI_OS/OS-UUK-12_11890/Data/SMM11890_20240512_082000.wav","168","171","uncertain",,"481","7.4309096","OS-UUK-12_11890","OS-UUK-12",
"/media/kiwi/datasets/finalized/kaua2024a/PUAI_OS/OS-UUK-12_11890/Data/SMM11890_20240513_121900.wav","6","9","yes",,"482","8.119192","OS-UUK-12_11890","OS-UUK-12",
"/media/kiwi/datasets/finalized/kaua2024a/PUAI_OS/OS-UUK-12_11890/Data/SMM11890_20240513_121900.wav","60","63","yes",,"483","9.361879","OS-UUK-12_11890","OS-UUK-12",
"/media/kiwi/datasets/finalized/kaua2024a/PUAI_OS/OS-UUK-12_11890/Data/SMM11890_20240513_121900.wav","108","111","yes",,"484","7.158307","OS-UUK-12_11890","OS-UUK-12",
"/media/kiwi/datasets/finalized/kaua2024a/PUAI_OS/OS-UUK-12_11890/Data/SMM11890_20240513_121900.wav","147","150","uncertain","cannot see end bit of trill, maybe KAAM. double check","485","7.0788345","OS-UUK-12_11890","OS-UUK-12",
"/media/kiwi/datasets/finalized/kaua2024a/PUAI_OS/OS-UUK-14_11858/Data/SMM11858_20240526_181500.wav","87","90","uncertain","noise at end of song, maybe whisper song?","490","7.299381","OS-UUK-14_11858","OS-UUK-14",
"/media/kiwi/datasets/finalized/kaua2024a/PUAI_OS/OS-UUK-16_11863/Data/SMM11863_20240509_102100.wav","15","18","no",,"492","10.377068","OS-UUK-16_11863","OS-UUK-16",
"/media/kiwi/datasets/finalized/kaua2024a/PUAI_OS/OS-UUK-16_11863/Data/SMM11863_20240510_172100.wav","42","45","yes",,"493","9.073114","OS-UUK-16_11863","OS-UUK-16",
"/media/kiwi/datasets/finalized/kaua2024a/PUAI_OS/OS-UUK-16_11863/Data/SMM11863_20240529_121400.wav","213","216","yes",,"495","10.403212","OS-UUK-16_11863","OS-UUK-16",