start_time,end_time,annotation,file
6.803447,8.150204,KAAM_song,/home/dhind/Kitzes Lab/Kauai Amakihi - chlorodrepanis stejnegeri/Macaulay Recordings/5118.wav
15.975329,17.589116,KAAM_song,/home/dhind/Kitzes Lab/Kauai Amakihi - chlorodrepanis stejnegeri/Macaulay Recordings/5118.wav
24.113923,25.78576,KAAM_song,/home/dhind/Kitzes Lab/Kauai Amakihi - chlorodrepanis stejnegeri/Macaulay Recordings/5118.wav
19.260952,21.420408,KAAM_song,/home/dhind/Kitzes Lab/Kauai Amakihi - chlorodrepanis stejnegeri/Macaulay Recordings/5814.wav
28.363175,30.127891,KAAM_song,/home/dhind/Kitzes Lab/Kauai Amakihi - chlorodrepanis stejnegeri/Macaulay Recordings/5814.wav
35.387211,37.244807,KAAM_song,/home/dhind/Kitzes Lab/Kauai Amakihi - chlorodrepanis stejnegeri/Macaulay Recordings/5814.wav
44.234014,45.97551,KAAM_song,/home/dhind/Kitzes Lab/Kauai Amakihi - chlorodrepanis stejnegeri/Macaulay Recordings/5814.wav
46.881088,49.086984,KAAM_song,/home/dhind/Kitzes Lab/Kauai Amakihi - chlorodrepanis stejnegeri/Macaulay Recordings/5814.wav
49.853243,51.873379,KAAM_song,/home/dhind/Kitzes Lab/Kauai Amakihi - chlorodrepanis stejnegeri/Macaulay Recordings/5814.wav
52.802177,54.787483,KAAM_song,/home/dhind/Kitzes Lab/Kauai Amakihi - chlorodrepanis stejnegeri/Macaulay Recordings/5814.wav
61.18458,63.088617,KAAM_song,/home/dhind/Kitzes Lab/Kauai Amakihi - chlorodrepanis stejnegeri/Macaulay Recordings/5814.wav
68.963265,70.565442,KAAM_song,/home/dhind/Kitzes Lab/Kauai Amakihi - chlorodrepanis stejnegeri/Macaulay Recordings/5814.wav
5.759366,7.001618,KAAM_call,/home/dhind/Kitzes Lab/Kauai Amakihi - chlorodrepanis stejnegeri/Macaulay Recordings/20582.wav
12.285143,12.754459,KAAM_call,/home/dhind/Kitzes Lab/Kauai Amakihi - chlorodrepanis stejnegeri/Macaulay Recordings/20582.wav
16.857182,17.28108,KAAM_call,/home/dhind/Kitzes Lab/Kauai Amakihi - chlorodrepanis stejnegeri/Macaulay Recordings/20582.wav
1.160998,3.065034,KAAM_song,/home/dhind/Kitzes Lab/Kauai Amakihi - chlorodrepanis stejnegeri/Macaulay Recordings/155551481.wav
6.640907,8.382404,KAAM_song,/home/dhind/Kitzes Lab/Kauai Amakihi - chlorodrepanis stejnegeri/Macaulay Recordings/155551481.wav
12.782585,14.082902,KAAM_song,/home/dhind/Kitzes Lab/Kauai Amakihi - chlorodrepanis stejnegeri/Macaulay Recordings/155551481.wav
24.531882,26.598458,KAAM_song,/home/dhind/Kitzes Lab/Kauai Amakihi - chlorodrepanis stejnegeri/Macaulay Recordings/155551481.wav
36.896508,39.009524,KAAM_song,/home/dhind/Kitzes Lab/Kauai Amakihi - chlorodrepanis stejnegeri/Macaulay Recordings/155551481.wav
44.686803,46.962358,KAAM_song,/home/dhind/Kitzes Lab/Kauai Amakihi - chlorodrepanis stejnegeri/Macaulay Recordings/155551481.wav
6.594467,8.092154,KAAM_song,/home/dhind/Kitzes Lab/Kauai Amakihi - chlorodrepanis stejnegeri/Macaulay Recordings/5115.wav
15.812789,16.195918,KAAM_call,/home/dhind/Kitzes Lab/Kauai Amakihi - chlorodrepanis stejnegeri/Macaulay Recordings/5115.wav
1.950476,3.877732,KAAM_song,/home/dhind/Kitzes Lab/Kauai Amakihi - chlorodrepanis stejnegeri/Macaulay Recordings/155971191.wav
26.668118,28.548934,KAAM_song,/home/dhind/Kitzes Lab/Kauai Amakihi - chlorodrepanis stejnegeri/Macaulay Recordings/155971191.wav
7.093696,8.626213,KAAM_song,/home/dhind/Kitzes Lab/Kauai Amakihi - chlorodrepanis stejnegeri/Macaulay Recordings/5032.wav
14.860771,16.149478,KAAM_song,/home/dhind/Kitzes Lab/Kauai Amakihi - chlorodrepanis stejnegeri/Macaulay Recordings/5032.wav
21.838367,23.254785,KAAM_song,/home/dhind/Kitzes Lab/Kauai Amakihi - chlorodrepanis stejnegeri/Macaulay Recordings/5032.wav
0.0,2.774785,KAAM_song,/home/dhind/Kitzes Lab/Kauai Amakihi - chlorodrepanis stejnegeri/Macaulay Recordings/101775931.wav
6.757007,9.450522,KAAM_song,/home/dhind/Kitzes Lab/Kauai Amakihi - chlorodrepanis stejnegeri/Macaulay Recordings/101775931.wav
13.351474,15.51093,KAAM_song,/home/dhind/Kitzes Lab/Kauai Amakihi - chlorodrepanis stejnegeri/Macaulay Recordings/101775931.wav
2.786395,4.376961,KAAM_song,/home/dhind/Kitzes Lab/Kauai Amakihi - chlorodrepanis stejnegeri/Macaulay Recordings/155551451.wav
15.743129,17.577506,KAAM_song,/home/dhind/Kitzes Lab/Kauai Amakihi - chlorodrepanis stejnegeri/Macaulay Recordings/155551451.wav
25.68127,27.225397,KAAM_song,/home/dhind/Kitzes Lab/Kauai Amakihi - chlorodrepanis stejnegeri/Macaulay Recordings/155551451.wav
29.071383,30.8361,KAAM_song,/home/dhind/Kitzes Lab/Kauai Amakihi - chlorodrepanis stejnegeri/Macaulay Recordings/155551451.wav
33.169705,34.667392,KAAM_song,/home/dhind/Kitzes Lab/Kauai Amakihi - chlorodrepanis stejnegeri/Macaulay Recordings/155551451.wav
44.535873,45.731701,KAAM_song,/home/dhind/Kitzes Lab/Kauai Amakihi - chlorodrepanis stejnegeri/Macaulay Recordings/155551451.wav
46.04517,47.008798,?_KAAM_song,/home/dhind/Kitzes Lab/Kauai Amakihi - chlorodrepanis stejnegeri/Macaulay Recordings/155551451.wav
8.423039,15.19746,?,/home/dhind/Kitzes Lab/Kauai Amakihi - chlorodrepanis stejnegeri/Macaulay Recordings/5061.wav
15.61542,19.580227,?,/home/dhind/Kitzes Lab/Kauai Amakihi - chlorodrepanis stejnegeri/Macaulay Recordings/5061.wav
19.951746,20.43356,?_KAAM_call,/home/dhind/Kitzes Lab/Kauai Amakihi - chlorodrepanis stejnegeri/Macaulay Recordings/5061.wav
20.50322,22.546576,?,/home/dhind/Kitzes Lab/Kauai Amakihi - chlorodrepanis stejnegeri/Macaulay Recordings/5061.wav
23.336054,25.948299,?,/home/dhind/Kitzes Lab/Kauai Amakihi - chlorodrepanis stejnegeri/Macaulay Recordings/5061.wav
26.174694,28.961088,?,/home/dhind/Kitzes Lab/Kauai Amakihi - chlorodrepanis stejnegeri/Macaulay Recordings/5061.wav
29.042358,29.617052,KAAM_call,/home/dhind/Kitzes Lab/Kauai Amakihi - chlorodrepanis stejnegeri/Macaulay Recordings/5061.wav
31.010249,32.031927,?_KAAM_call,/home/dhind/Kitzes Lab/Kauai Amakihi - chlorodrepanis stejnegeri/Macaulay Recordings/5061.wav
37.088073,37.773061,KAAM_call,/home/dhind/Kitzes Lab/Kauai Amakihi - chlorodrepanis stejnegeri/Macaulay Recordings/5061.wav
41.807528,42.486712,KAAM_call,/home/dhind/Kitzes Lab/Kauai Amakihi - chlorodrepanis stejnegeri/Macaulay Recordings/5061.wav
2.195529,3.895987,KAAM_song,/home/dhind/Kitzes Lab/Kauai Amakihi - chlorodrepanis stejnegeri/Macaulay Recordings/155551411.wav
10.43737,11.029478,KAAM_call,/home/dhind/Kitzes Lab/Kauai Amakihi - chlorodrepanis stejnegeri/Macaulay Recordings/5037.wav
18.959093,19.493152,KAAM_call,/home/dhind/Kitzes Lab/Kauai Amakihi - chlorodrepanis stejnegeri/Macaulay Recordings/5037.wav
26.308209,26.760998,KAAM_call,/home/dhind/Kitzes Lab/Kauai Amakihi - chlorodrepanis stejnegeri/Macaulay Recordings/5037.wav
39.230113,39.729342,KAAM_call,/home/dhind/Kitzes Lab/Kauai Amakihi - chlorodrepanis stejnegeri/Macaulay Recordings/5037.wav
43.514195,43.932154,KAAM_call,/home/dhind/Kitzes Lab/Kauai Amakihi - chlorodrepanis stejnegeri/Macaulay Recordings/5037.wav
47.391927,47.740227,KAAM_call,/home/dhind/Kitzes Lab/Kauai Amakihi - chlorodrepanis stejnegeri/Macaulay Recordings/5037.wav
8.811973,9.287982,KAAM_call,/home/dhind/Kitzes Lab/Kauai Amakihi - chlorodrepanis stejnegeri/Macaulay Recordings/5832.wav
12.062766,12.666485,KAAM_call,/home/dhind/Kitzes Lab/Kauai Amakihi - chlorodrepanis stejnegeri/Macaulay Recordings/5832.wav
22.012517,22.616236,KAAM_call,/home/dhind/Kitzes Lab/Kauai Amakihi - chlorodrepanis stejnegeri/Macaulay Recordings/5832.wav
36.884898,37.430567,KAAM_call,/home/dhind/Kitzes Lab/Kauai Amakihi - chlorodrepanis stejnegeri/Macaulay Recordings/5832.wav
40.93678,42.643447,KAAM_call,/home/dhind/Kitzes Lab/Kauai Amakihi - chlorodrepanis stejnegeri/Macaulay Recordings/5832.wav
56.018141,57.422948,KAAM_song,/home/dhind/Kitzes Lab/Kauai Amakihi - chlorodrepanis stejnegeri/Macaulay Recordings/5832.wav
62.380408,64.005805,KAAM_song,/home/dhind/Kitzes Lab/Kauai Amakihi - chlorodrepanis stejnegeri/Macaulay Recordings/5832.wav
75.569342,77.276009,KAAM_song,/home/dhind/Kitzes Lab/Kauai Amakihi - chlorodrepanis stejnegeri/Macaulay Recordings/5832.wav
81.084082,82.953288,KAAM_song,/home/dhind/Kitzes Lab/Kauai Amakihi - chlorodrepanis stejnegeri/Macaulay Recordings/5832.wav
91.254422,91.533061,KAAM_call,/home/dhind/Kitzes Lab/Kauai Amakihi - chlorodrepanis stejnegeri/Macaulay Recordings/5832.wav
100.577234,102.028481,KAAM_song,/home/dhind/Kitzes Lab/Kauai Amakihi - chlorodrepanis stejnegeri/Macaulay Recordings/5832.wav
106.533152,108.181769,KAAM_song,/home/dhind/Kitzes Lab/Kauai Amakihi - chlorodrepanis stejnegeri/Macaulay Recordings/5832.wav
116.889252,118.433379,KAAM_song,/home/dhind/Kitzes Lab/Kauai Amakihi - chlorodrepanis stejnegeri/Macaulay Recordings/5832.wav
144.451338,144.938957,KAAM_call,/home/dhind/Kitzes Lab/Kauai Amakihi - chlorodrepanis stejnegeri/Macaulay Recordings/5832.wav
151.928163,152.439002,KAAM_call,/home/dhind/Kitzes Lab/Kauai Amakihi - chlorodrepanis stejnegeri/Macaulay Recordings/5832.wav
156.003265,156.688254,KAAM_call,/home/dhind/Kitzes Lab/Kauai Amakihi - chlorodrepanis stejnegeri/Macaulay Recordings/5832.wav
4.226032,53.545215,KAAM_wsong,/home/dhind/Kitzes Lab/Kauai Amakihi - chlorodrepanis stejnegeri/Macaulay Recordings/5079.wav
56.30839,194.861859,KAAM_wsong,/home/dhind/Kitzes Lab/Kauai Amakihi - chlorodrepanis stejnegeri/Macaulay Recordings/5079.wav
195.918367,227.346576,KAAM_wsong,/home/dhind/Kitzes Lab/Kauai Amakihi - chlorodrepanis stejnegeri/Macaulay Recordings/5079.wav
228.321814,252.575057,KAAM_wsong,/home/dhind/Kitzes Lab/Kauai Amakihi - chlorodrepanis stejnegeri/Macaulay Recordings/5079.wav
9.578231,11.517098,KAAM_song,/home/dhind/Kitzes Lab/Kauai Amakihi - chlorodrepanis stejnegeri/Macaulay Recordings/5821.wav
16.114649,18.227664,KAAM_song,/home/dhind/Kitzes Lab/Kauai Amakihi - chlorodrepanis stejnegeri/Macaulay Recordings/5821.wav
22.569796,24.833741,KAAM_song,/home/dhind/Kitzes Lab/Kauai Amakihi - chlorodrepanis stejnegeri/Macaulay Recordings/5821.wav
28.746304,31.010249,KAAM_song,/home/dhind/Kitzes Lab/Kauai Amakihi - chlorodrepanis stejnegeri/Macaulay Recordings/5821.wav
35.73551,37.732426,KAAM_song,/home/dhind/Kitzes Lab/Kauai Amakihi - chlorodrepanis stejnegeri/Macaulay Recordings/5821.wav
44.175964,46.370249,KAAM_song,/home/dhind/Kitzes Lab/Kauai Amakihi - chlorodrepanis stejnegeri/Macaulay Recordings/5821.wav
53.254966,53.835465,KAAM_call,/home/dhind/Kitzes Lab/Kauai Amakihi - chlorodrepanis stejnegeri/Macaulay Recordings/5821.wav
57.097868,59.257324,KAAM_song,/home/dhind/Kitzes Lab/Kauai Amakihi - chlorodrepanis stejnegeri/Macaulay Recordings/5821.wav
64.272834,66.281361,KAAM_song,/home/dhind/Kitzes Lab/Kauai Amakihi - chlorodrepanis stejnegeri/Macaulay Recordings/5821.wav
70.042993,70.437732,?_KAAM_call,/home/dhind/Kitzes Lab/Kauai Amakihi - chlorodrepanis stejnegeri/Macaulay Recordings/5821.wav
76.126621,76.67229,KAAM_call,/home/dhind/Kitzes Lab/Kauai Amakihi - chlorodrepanis stejnegeri/Macaulay Recordings/5821.wav
78.135147,78.680816,KAAM_call,/home/dhind/Kitzes Lab/Kauai Amakihi - chlorodrepanis stejnegeri/Macaulay Recordings/5821.wav
81.641361,84.207166,KAAM_call,/home/dhind/Kitzes Lab/Kauai Amakihi - chlorodrepanis stejnegeri/Macaulay Recordings/5821.wav
86.622041,87.10966,KAAM_call,/home/dhind/Kitzes Lab/Kauai Amakihi - chlorodrepanis stejnegeri/Macaulay Recordings/5821.wav
89.710295,89.965714,KAAM_call,/home/dhind/Kitzes Lab/Kauai Amakihi - chlorodrepanis stejnegeri/Macaulay Recordings/5821.wav
90.859683,91.161542,KAAM_call,/home/dhind/Kitzes Lab/Kauai Amakihi - chlorodrepanis stejnegeri/Macaulay Recordings/5821.wav
6.687347,8.196644,?,/home/dhind/Kitzes Lab/Kauai Amakihi - chlorodrepanis stejnegeri/Macaulay Recordings/5035.wav
8.196644,10.07746,KAAM_song,/home/dhind/Kitzes Lab/Kauai Amakihi - chlorodrepanis stejnegeri/Macaulay Recordings/5035.wav
14.767891,16.532608,KAAM_song,/home/dhind/Kitzes Lab/Kauai Amakihi - chlorodrepanis stejnegeri/Macaulay Recordings/5035.wav
26.760998,28.154195,KAAM_song,/home/dhind/Kitzes Lab/Kauai Amakihi - chlorodrepanis stejnegeri/Macaulay Recordings/5035.wav
34.609342,36.199909,KAAM_song,/home/dhind/Kitzes Lab/Kauai Amakihi - chlorodrepanis stejnegeri/Macaulay Recordings/5035.wav
39.694512,43.897324,?,/home/dhind/Kitzes Lab/Kauai Amakihi - chlorodrepanis stejnegeri/Macaulay Recordings/5035.wav
48.692245,51.2,?,/home/dhind/Kitzes Lab/Kauai Amakihi - chlorodrepanis stejnegeri/Macaulay Recordings/5035.wav
6.176508,8.498503,KAAM_song,/home/dhind/Kitzes Lab/Kauai Amakihi - chlorodrepanis stejnegeri/Macaulay Recordings/5022.wav
43.862494,45.557551,KAAM_song,/home/dhind/Kitzes Lab/Kauai Amakihi - chlorodrepanis stejnegeri/Macaulay Recordings/5022.wav
59.129615,60.720181,KAAM_song,/home/dhind/Kitzes Lab/Kauai Amakihi - chlorodrepanis stejnegeri/Macaulay Recordings/5022.wav
72.23095,72.504308,KAAM_call,/home/dhind/Kitzes Lab/Kauai Amakihi - chlorodrepanis stejnegeri/Macaulay Recordings/5022.wav
75.355043,75.76508,KAAM_call,/home/dhind/Kitzes Lab/Kauai Amakihi - chlorodrepanis stejnegeri/Macaulay Recordings/5022.wav
78.697837,80.699208,?_KAAM_call,/home/dhind/Kitzes Lab/Kauai Amakihi - chlorodrepanis stejnegeri/Macaulay Recordings/5022.wav
88.206792,88.626592,?,/home/dhind/Kitzes Lab/Kauai Amakihi - chlorodrepanis stejnegeri/Macaulay Recordings/5022.wav
90.784169,91.448038,?,/home/dhind/Kitzes Lab/Kauai Amakihi - chlorodrepanis stejnegeri/Macaulay Recordings/5022.wav
93.657687,95.492063,KAAM_song,/home/dhind/Kitzes Lab/Kauai Amakihi - chlorodrepanis stejnegeri/Macaulay Recordings/5022.wav
98.223413,98.45772,?,/home/dhind/Kitzes Lab/Kauai Amakihi - chlorodrepanis stejnegeri/Macaulay Recordings/5022.wav
100.517668,100.859366,?,/home/dhind/Kitzes Lab/Kauai Amakihi - chlorodrepanis stejnegeri/Macaulay Recordings/5022.wav
102.811924,103.368403,KAAM_call,/home/dhind/Kitzes Lab/Kauai Amakihi - chlorodrepanis stejnegeri/Macaulay Recordings/5022.wav
105.555267,105.975067,KAAM_call,/home/dhind/Kitzes Lab/Kauai Amakihi - chlorodrepanis stejnegeri/Macaulay Recordings/5022.wav
109.424036,110.979773,KAAM_song,/home/dhind/Kitzes Lab/Kauai Amakihi - chlorodrepanis stejnegeri/Macaulay Recordings/5022.wav
116.108841,116.411488,KAAM_call,/home/dhind/Kitzes Lab/Kauai Amakihi - chlorodrepanis stejnegeri/Macaulay Recordings/5022.wav
119.672259,120.082296,KAAM_call,/home/dhind/Kitzes Lab/Kauai Amakihi - chlorodrepanis stejnegeri/Macaulay Recordings/5022.wav
122.747537,123.294254,KAAM_call,/home/dhind/Kitzes Lab/Kauai Amakihi - chlorodrepanis stejnegeri/Macaulay Recordings/5022.wav
132.266256,132.73487,KAAM_call,/home/dhind/Kitzes Lab/Kauai Amakihi - chlorodrepanis stejnegeri/Macaulay Recordings/5022.wav
134.130068,134.977596,KAAM_song,/home/dhind/Kitzes Lab/Kauai Amakihi - chlorodrepanis stejnegeri/Macaulay Recordings/5022.wav
135.898013,136.103032,?,/home/dhind/Kitzes Lab/Kauai Amakihi - chlorodrepanis stejnegeri/Macaulay Recordings/5022.wav
4.725261,5.17805,?,/home/dhind/Kitzes Lab/Kauai Amakihi - chlorodrepanis stejnegeri/Macaulay Recordings/5056.wav
6.106848,6.710567,?,/home/dhind/Kitzes Lab/Kauai Amakihi - chlorodrepanis stejnegeri/Macaulay Recordings/5056.wav
7.430385,7.929615,?,/home/dhind/Kitzes Lab/Kauai Amakihi - chlorodrepanis stejnegeri/Macaulay Recordings/5056.wav
8.962902,9.99619,?,/home/dhind/Kitzes Lab/Kauai Amakihi - chlorodrepanis stejnegeri/Macaulay Recordings/5056.wav
11.853787,12.561995,?,/home/dhind/Kitzes Lab/Kauai Amakihi - chlorodrepanis stejnegeri/Macaulay Recordings/5056.wav
13.351474,14.965261,KAAM_song,/home/dhind/Kitzes Lab/Kauai Amakihi - chlorodrepanis stejnegeri/Macaulay Recordings/5056.wav
15.905669,16.404898,?,/home/dhind/Kitzes Lab/Kauai Amakihi - chlorodrepanis stejnegeri/Macaulay Recordings/5056.wav
20.48,22.384036,KAAM_song,/home/dhind/Kitzes Lab/Kauai Amakihi - chlorodrepanis stejnegeri/Macaulay Recordings/5056.wav
26.424308,26.865488,?,/home/dhind/Kitzes Lab/Kauai Amakihi - chlorodrepanis stejnegeri/Macaulay Recordings/5056.wav
28.699864,30.383311,KAAM_song,/home/dhind/Kitzes Lab/Kauai Amakihi - chlorodrepanis stejnegeri/Macaulay Recordings/5056.wav
32.809796,34.737052,KAAM_song,/home/dhind/Kitzes Lab/Kauai Amakihi - chlorodrepanis stejnegeri/Macaulay Recordings/5056.wav
39.531973,41.494059,KAAM_song,/home/dhind/Kitzes Lab/Kauai Amakihi - chlorodrepanis stejnegeri/Macaulay Recordings/5056.wav
48.320726,50.201542,KAAM_song,/home/dhind/Kitzes Lab/Kauai Amakihi - chlorodrepanis stejnegeri/Macaulay Recordings/5056.wav
52.326168,54.323084,KAAM_song,/home/dhind/Kitzes Lab/Kauai Amakihi - chlorodrepanis stejnegeri/Macaulay Recordings/5056.wav
57.480998,59.547574,KAAM_song,/home/dhind/Kitzes Lab/Kauai Amakihi - chlorodrepanis stejnegeri/Macaulay Recordings/5056.wav
62.786757,63.216327,KAAM_call,/home/dhind/Kitzes Lab/Kauai Amakihi - chlorodrepanis stejnegeri/Macaulay Recordings/5056.wav
63.889705,65.793741,KAAM_song,/home/dhind/Kitzes Lab/Kauai Amakihi - chlorodrepanis stejnegeri/Macaulay Recordings/5056.wav
68.974875,70.936961,KAAM_song,/home/dhind/Kitzes Lab/Kauai Amakihi - chlorodrepanis stejnegeri/Macaulay Recordings/5056.wav
7.801905,9.520181,KAAM_song,/home/dhind/Kitzes Lab/Kauai Amakihi - chlorodrepanis stejnegeri/Macaulay Recordings/5116.wav
18.784943,20.062041,KAAM_song,/home/dhind/Kitzes Lab/Kauai Amakihi - chlorodrepanis stejnegeri/Macaulay Recordings/5116.wav
29.524172,30.80127,KAAM_song,/home/dhind/Kitzes Lab/Kauai Amakihi - chlorodrepanis stejnegeri/Macaulay Recordings/5116.wav
41.621769,42.991746,KAAM_song,/home/dhind/Kitzes Lab/Kauai Amakihi - chlorodrepanis stejnegeri/Macaulay Recordings/5116.wav
43.038186,44.001814,KAAM_song,/home/dhind/Kitzes Lab/Kauai Amakihi - chlorodrepanis stejnegeri/Macaulay Recordings/5116.wav
52.419048,53.684535,KAAM_song,/home/dhind/Kitzes Lab/Kauai Amakihi - chlorodrepanis stejnegeri/Macaulay Recordings/5116.wav
56.970159,60.766621,KAAM_call,/home/dhind/Kitzes Lab/Kauai Amakihi - chlorodrepanis stejnegeri/Macaulay Recordings/5116.wav
6.083628,7.395556,?_KAAM_call,/home/dhind/Kitzes Lab/Kauai Amakihi - chlorodrepanis stejnegeri/Macaulay Recordings/5028.wav
10.704399,12.701315,KAAM_call,/home/dhind/Kitzes Lab/Kauai Amakihi - chlorodrepanis stejnegeri/Macaulay Recordings/5028.wav
24.787302,26.296599,KAAM_call,/home/dhind/Kitzes Lab/Kauai Amakihi - chlorodrepanis stejnegeri/Macaulay Recordings/5028.wav
47.937596,49.342404,KAAM_call,/home/dhind/Kitzes Lab/Kauai Amakihi - chlorodrepanis stejnegeri/Macaulay Recordings/5028.wav
54.137324,56.12263,KAAM_call,/home/dhind/Kitzes Lab/Kauai Amakihi - chlorodrepanis stejnegeri/Macaulay Recordings/5028.wav
6.025578,6.443537,KAAM_call,/home/dhind/Kitzes Lab/Kauai Amakihi - chlorodrepanis stejnegeri/Macaulay Recordings/5837.wav
7.825125,7.999274,KAAM_call,/home/dhind/Kitzes Lab/Kauai Amakihi - chlorodrepanis stejnegeri/Macaulay Recordings/5837.wav
8.306939,8.562358,KAAM_call,/home/dhind/Kitzes Lab/Kauai Amakihi - chlorodrepanis stejnegeri/Macaulay Recordings/5837.wav
17.524205,18.646926,KAAM_song,/home/dhind/Kitzes Lab/Kauai Amakihi - chlorodrepanis stejnegeri/Macaulay Recordings/5837.wav
23.508794,24.416734,KAAM_song,/home/dhind/Kitzes Lab/Kauai Amakihi - chlorodrepanis stejnegeri/Macaulay Recordings/5837.wav
25.529691,26.515733,KAAM_song,/home/dhind/Kitzes Lab/Kauai Amakihi - chlorodrepanis stejnegeri/Macaulay Recordings/5837.wav
28.00944,29.161449,KAAM_song,/home/dhind/Kitzes Lab/Kauai Amakihi - chlorodrepanis stejnegeri/Macaulay Recordings/5837.wav
38.201791,39.3538,KAAM_song,/home/dhind/Kitzes Lab/Kauai Amakihi - chlorodrepanis stejnegeri/Macaulay Recordings/5837.wav
42.224059,43.317492,KAAM_song,/home/dhind/Kitzes Lab/Kauai Amakihi - chlorodrepanis stejnegeri/Macaulay Recordings/5837.wav
75.863931,77.867048,KAAM_song,/home/dhind/Kitzes Lab/Kauai Amakihi - chlorodrepanis stejnegeri/Macaulay Recordings/5837.wav
82.283755,84.254034,KAAM_song,/home/dhind/Kitzes Lab/Kauai Amakihi - chlorodrepanis stejnegeri/Macaulay Recordings/5837.wav
89.557367,91.388084,KAAM_song,/home/dhind/Kitzes Lab/Kauai Amakihi - chlorodrepanis stejnegeri/Macaulay Recordings/5837.wav
95.295803,96.863816,KAAM_song,/home/dhind/Kitzes Lab/Kauai Amakihi - chlorodrepanis stejnegeri/Macaulay Recordings/5837.wav
101.814141,103.77621,KAAM_song,/home/dhind/Kitzes Lab/Kauai Amakihi - chlorodrepanis stejnegeri/Macaulay Recordings/5837.wav
109.161638,111.205802,KAAM_song,/home/dhind/Kitzes Lab/Kauai Amakihi - chlorodrepanis stejnegeri/Macaulay Recordings/5837.wav
118.339852,120.047426,KAAM_song,/home/dhind/Kitzes Lab/Kauai Amakihi - chlorodrepanis stejnegeri/Macaulay Recordings/5837.wav
145.734932,147.188012,?_KAAM_song,/home/dhind/Kitzes Lab/Kauai Amakihi - chlorodrepanis stejnegeri/Macaulay Recordings/5837.wav
149.306062,150.299411,?_KAAM_song,/home/dhind/Kitzes Lab/Kauai Amakihi - chlorodrepanis stejnegeri/Macaulay Recordings/5837.wav
153.082429,154.904937,?_KAAM_song,/home/dhind/Kitzes Lab/Kauai Amakihi - chlorodrepanis stejnegeri/Macaulay Recordings/5837.wav
158.467857,159.937356,?_KAAM_song,/home/dhind/Kitzes Lab/Kauai Amakihi - chlorodrepanis stejnegeri/Macaulay Recordings/5837.wav
161.226247,162.375576,?_KAAM_song,/home/dhind/Kitzes Lab/Kauai Amakihi - chlorodrepanis stejnegeri/Macaulay Recordings/5837.wav
163.327877,164.863052,?_KAAM_song,/home/dhind/Kitzes Lab/Kauai Amakihi - chlorodrepanis stejnegeri/Macaulay Recordings/5837.wav
167.227387,168.590163,?_KAAM_song,/home/dhind/Kitzes Lab/Kauai Amakihi - chlorodrepanis stejnegeri/Macaulay Recordings/5837.wav
172.013521,173.351669,?_KAAM_song,/home/dhind/Kitzes Lab/Kauai Amakihi - chlorodrepanis stejnegeri/Macaulay Recordings/5837.wav
173.409135,174.106942,?_KAAM_song,/home/dhind/Kitzes Lab/Kauai Amakihi - chlorodrepanis stejnegeri/Macaulay Recordings/5837.wav
175.453299,176.865332,?_KAAM_song,/home/dhind/Kitzes Lab/Kauai Amakihi - chlorodrepanis stejnegeri/Macaulay Recordings/5837.wav
181.101431,182.464207,?_KAAM_song,/home/dhind/Kitzes Lab/Kauai Amakihi - chlorodrepanis stejnegeri/Macaulay Recordings/5837.wav
192.085733,193.514185,?_KAAM_song,/home/dhind/Kitzes Lab/Kauai Amakihi - chlorodrepanis stejnegeri/Macaulay Recordings/5837.wav
195.70612,196.929335,?_KAAM_song,/home/dhind/Kitzes Lab/Kauai Amakihi - chlorodrepanis stejnegeri/Macaulay Recordings/5837.wav
200.08999,201.584118,  ?_KAAM_song,/home/dhind/Kitzes Lab/Kauai Amakihi - chlorodrepanis stejnegeri/Macaulay Recordings/5837.wav
217.019501,218.882902,KAAM_song,/home/dhind/Kitzes Lab/Kauai Amakihi - chlorodrepanis stejnegeri/Macaulay Recordings/5837.wav
221.535782,222.807075,KAAM_song,/home/dhind/Kitzes Lab/Kauai Amakihi - chlorodrepanis stejnegeri/Macaulay Recordings/5837.wav
228.333424,229.894966,KAAM_song,/home/dhind/Kitzes Lab/Kauai Amakihi - chlorodrepanis stejnegeri/Macaulay Recordings/5837.wav
232.135692,232.97161,KAAM_song,/home/dhind/Kitzes Lab/Kauai Amakihi - chlorodrepanis stejnegeri/Macaulay Recordings/5837.wav
238.1961,239.920181,KAAM_song,/home/dhind/Kitzes Lab/Kauai Amakihi - chlorodrepanis stejnegeri/Macaulay Recordings/5837.wav
241.504943,242.880726,?_KAAM_song,/home/dhind/Kitzes Lab/Kauai Amakihi - chlorodrepanis stejnegeri/Macaulay Recordings/5837.wav
243.710839,244.889252,KAAM_song,/home/dhind/Kitzes Lab/Kauai Amakihi - chlorodrepanis stejnegeri/Macaulay Recordings/5837.wav
252.093243,253.318095,KAAM_song,/home/dhind/Kitzes Lab/Kauai Amakihi - chlorodrepanis stejnegeri/Macaulay Recordings/5837.wav
257.294512,258.73415,KAAM_song,/home/dhind/Kitzes Lab/Kauai Amakihi - chlorodrepanis stejnegeri/Macaulay Recordings/5837.wav
260.905215,261.979138,KAAM_song,/home/dhind/Kitzes Lab/Kauai Amakihi - chlorodrepanis stejnegeri/Macaulay Recordings/5837.wav
262.507392,263.68,KAAM_song,/home/dhind/Kitzes Lab/Kauai Amakihi - chlorodrepanis stejnegeri/Macaulay Recordings/5837.wav
264.428844,265.531791,KAAM_song,/home/dhind/Kitzes Lab/Kauai Amakihi - chlorodrepanis stejnegeri/Macaulay Recordings/5837.wav
5.09678,6.780227,KAAM_song,/home/dhind/Kitzes Lab/Kauai Amakihi - chlorodrepanis stejnegeri/Macaulay Recordings/5112.wav
12.260136,13.769433,KAAM_song,/home/dhind/Kitzes Lab/Kauai Amakihi - chlorodrepanis stejnegeri/Macaulay Recordings/5112.wav
14.686621,16.161088,KAAM_song,/home/dhind/Kitzes Lab/Kauai Amakihi - chlorodrepanis stejnegeri/Macaulay Recordings/5112.wav
21.768707,23.765624,KAAM_song,/home/dhind/Kitzes Lab/Kauai Amakihi - chlorodrepanis stejnegeri/Macaulay Recordings/5112.wav
27.771066,29.384853,KAAM_song,/home/dhind/Kitzes Lab/Kauai Amakihi - chlorodrepanis stejnegeri/Macaulay Recordings/5112.wav
5.886259,6.292608,?_KAAM_call,/home/dhind/Kitzes Lab/Kauai Amakihi - chlorodrepanis stejnegeri/Macaulay Recordings/5026.wav
7.778685,10.27483,KAAM_song,/home/dhind/Kitzes Lab/Kauai Amakihi - chlorodrepanis stejnegeri/Macaulay Recordings/5026.wav
15.963719,17.693605,KAAM_song,/home/dhind/Kitzes Lab/Kauai Amakihi - chlorodrepanis stejnegeri/Macaulay Recordings/5026.wav
20.805079,22.697506,KAAM_song,/home/dhind/Kitzes Lab/Kauai Amakihi - chlorodrepanis stejnegeri/Macaulay Recordings/5026.wav
26.493968,28.189025,KAAM_song,/home/dhind/Kitzes Lab/Kauai Amakihi - chlorodrepanis stejnegeri/Macaulay Recordings/5026.wav
35.305941,37.291247,KAAM_song,/home/dhind/Kitzes Lab/Kauai Amakihi - chlorodrepanis stejnegeri/Macaulay Recordings/5026.wav
45.139592,47.264218,KAAM_song,/home/dhind/Kitzes Lab/Kauai Amakihi - chlorodrepanis stejnegeri/Macaulay Recordings/5026.wav
52.047528,53.928345,KAAM_song,/home/dhind/Kitzes Lab/Kauai Amakihi - chlorodrepanis stejnegeri/Macaulay Recordings/5026.wav
59.048345,61.26585,KAAM_song,/home/dhind/Kitzes Lab/Kauai Amakihi - chlorodrepanis stejnegeri/Macaulay Recordings/5026.wav
69.149025,71.076281,KAAM_song,/home/dhind/Kitzes Lab/Kauai Amakihi - chlorodrepanis stejnegeri/Macaulay Recordings/5026.wav
4.260862,5.839819,KAAM_song,/home/dhind/Kitzes Lab/Kauai Amakihi - chlorodrepanis stejnegeri/Macaulay Recordings/5109.wav
11.064308,12.585215,KAAM_song,/home/dhind/Kitzes Lab/Kauai Amakihi - chlorodrepanis stejnegeri/Macaulay Recordings/5109.wav
19.829841,21.664218,KAAM_song,/home/dhind/Kitzes Lab/Kauai Amakihi - chlorodrepanis stejnegeri/Macaulay Recordings/5109.wav
22.848435,24.543492,KAAM_song,/home/dhind/Kitzes Lab/Kauai Amakihi - chlorodrepanis stejnegeri/Macaulay Recordings/5109.wav
29.164263,30.87093,KAAM_song,/home/dhind/Kitzes Lab/Kauai Amakihi - chlorodrepanis stejnegeri/Macaulay Recordings/5109.wav
36.490159,38.417415,KAAM_song,/home/dhind/Kitzes Lab/Kauai Amakihi - chlorodrepanis stejnegeri/Macaulay Recordings/5109.wav
41.482449,43.328435,KAAM_song,/home/dhind/Kitzes Lab/Kauai Amakihi - chlorodrepanis stejnegeri/Macaulay Recordings/5109.wav
46.04517,47.693787,KAAM_song,/home/dhind/Kitzes Lab/Kauai Amakihi - chlorodrepanis stejnegeri/Macaulay Recordings/5109.wav
52.569977,54.590113,KAAM_song,/home/dhind/Kitzes Lab/Kauai Amakihi - chlorodrepanis stejnegeri/Macaulay Recordings/5109.wav
61.033651,62.682268,KAAM_song,/home/dhind/Kitzes Lab/Kauai Amakihi - chlorodrepanis stejnegeri/Macaulay Recordings/5109.wav
62.682268,63.901315,KAAM_song,/home/dhind/Kitzes Lab/Kauai Amakihi - chlorodrepanis stejnegeri/Macaulay Recordings/5109.wav
66.885079,68.533696,KAAM_song,/home/dhind/Kitzes Lab/Kauai Amakihi - chlorodrepanis stejnegeri/Macaulay Recordings/5109.wav
73.549206,75.302313,KAAM_song,/home/dhind/Kitzes Lab/Kauai Amakihi - chlorodrepanis stejnegeri/Macaulay Recordings/5109.wav
81.502041,83.208707,KAAM_song,/home/dhind/Kitzes Lab/Kauai Amakihi - chlorodrepanis stejnegeri/Macaulay Recordings/5109.wav
88.305488,89.884444,KAAM_song,/home/dhind/Kitzes Lab/Kauai Amakihi - chlorodrepanis stejnegeri/Macaulay Recordings/5109.wav
12.109206,13.920363,KAAM_song,/home/dhind/Kitzes Lab/Kauai Amakihi - chlorodrepanis stejnegeri/Macaulay Recordings/5102.wav
32.333787,34.620952,KAAM_song,/home/dhind/Kitzes Lab/Kauai Amakihi - chlorodrepanis stejnegeri/Macaulay Recordings/5102.wav
51.548299,52.593197,KAAM_call,/home/dhind/Kitzes Lab/Kauai Amakihi - chlorodrepanis stejnegeri/Macaulay Recordings/5102.wav
58.839365,60.894331,KAAM_song,/home/dhind/Kitzes Lab/Kauai Amakihi - chlorodrepanis stejnegeri/Macaulay Recordings/5102.wav
79.365805,80.062404,?_KAAM_call,/home/dhind/Kitzes Lab/Kauai Amakihi - chlorodrepanis stejnegeri/Macaulay Recordings/5102.wav
98.824127,100.321814,KAAM_song,/home/dhind/Kitzes Lab/Kauai Amakihi - chlorodrepanis stejnegeri/Macaulay Recordings/5102.wav
116.912472,118.444989,,/home/dhind/Kitzes Lab/Kauai Amakihi - chlorodrepanis stejnegeri/Macaulay Recordings/5102.wav
127.97678,129.776327,KAAM_song,/home/dhind/Kitzes Lab/Kauai Amakihi - chlorodrepanis stejnegeri/Macaulay Recordings/5102.wav
137.903311,139.609977,KAAM_song,/home/dhind/Kitzes Lab/Kauai Amakihi - chlorodrepanis stejnegeri/Macaulay Recordings/5102.wav
154.830658,156.804354,,/home/dhind/Kitzes Lab/Kauai Amakihi - chlorodrepanis stejnegeri/Macaulay Recordings/5102.wav
176.970884,178.433741,KAAM_song,/home/dhind/Kitzes Lab/Kauai Amakihi - chlorodrepanis stejnegeri/Macaulay Recordings/5102.wav
181.591655,183.066122,KAAM_song,/home/dhind/Kitzes Lab/Kauai Amakihi - chlorodrepanis stejnegeri/Macaulay Recordings/5102.wav
191.158277,192.853333,KAAM_song,/home/dhind/Kitzes Lab/Kauai Amakihi - chlorodrepanis stejnegeri/Macaulay Recordings/5102.wav
199.238821,201.131247,KAAM_song,/home/dhind/Kitzes Lab/Kauai Amakihi - chlorodrepanis stejnegeri/Macaulay Recordings/5102.wav
209.293061,211.197098,KAAM_song,/home/dhind/Kitzes Lab/Kauai Amakihi - chlorodrepanis stejnegeri/Macaulay Recordings/5102.wav
214.83102,216.897596,KAAM_song,/home/dhind/Kitzes Lab/Kauai Amakihi - chlorodrepanis stejnegeri/Macaulay Recordings/5102.wav
219.022222,220.879819,KAAM_song,/home/dhind/Kitzes Lab/Kauai Amakihi - chlorodrepanis stejnegeri/Macaulay Recordings/5102.wav
224.107392,225.848889,KAAM_song,/home/dhind/Kitzes Lab/Kauai Amakihi - chlorodrepanis stejnegeri/Macaulay Recordings/5102.wav
228.124444,229.958821,KAAM_song,/home/dhind/Kitzes Lab/Kauai Amakihi - chlorodrepanis stejnegeri/Macaulay Recordings/5102.wav
232.176327,234.115193,KAAM_song,/home/dhind/Kitzes Lab/Kauai Amakihi - chlorodrepanis stejnegeri/Macaulay Recordings/5102.wav
240.38458,242.485986,KAAM_song,/home/dhind/Kitzes Lab/Kauai Amakihi - chlorodrepanis stejnegeri/Macaulay Recordings/5102.wav
246.131519,247.989116,KAAM_song,/home/dhind/Kitzes Lab/Kauai Amakihi - chlorodrepanis stejnegeri/Macaulay Recordings/5102.wav
252.195646,254.822684,KAAM_song,/home/dhind/Kitzes Lab/Kauai Amakihi - chlorodrepanis stejnegeri/Macaulay Recordings/5102.wav
260.782777,263.114273,KAAM_song,/home/dhind/Kitzes Lab/Kauai Amakihi - chlorodrepanis stejnegeri/Macaulay Recordings/5102.wav
266.792126,269.090784,KAAM_song,/home/dhind/Kitzes Lab/Kauai Amakihi - chlorodrepanis stejnegeri/Macaulay Recordings/5102.wav
270.420722,272.653705,KAAM_song,/home/dhind/Kitzes Lab/Kauai Amakihi - chlorodrepanis stejnegeri/Macaulay Recordings/5102.wav
272.965665,275.018039,KAAM_song,/home/dhind/Kitzes Lab/Kauai Amakihi - chlorodrepanis stejnegeri/Macaulay Recordings/5102.wav
278.433188,280.66617,KAAM_song,/home/dhind/Kitzes Lab/Kauai Amakihi - chlorodrepanis stejnegeri/Macaulay Recordings/5102.wav
285.953084,287.660659,KAAM_song,/home/dhind/Kitzes Lab/Kauai Amakihi - chlorodrepanis stejnegeri/Macaulay Recordings/5102.wav
289.466748,291.519121,KAAM_song,/home/dhind/Kitzes Lab/Kauai Amakihi - chlorodrepanis stejnegeri/Macaulay Recordings/5102.wav
296.362722,298.283744,KAAM_song,/home/dhind/Kitzes Lab/Kauai Amakihi - chlorodrepanis stejnegeri/Macaulay Recordings/5102.wav
302.07653,303.784105,KAAM_song,/home/dhind/Kitzes Lab/Kauai Amakihi - chlorodrepanis stejnegeri/Macaulay Recordings/5102.wav
304.966272,306.920131,KAAM_song,/home/dhind/Kitzes Lab/Kauai Amakihi - chlorodrepanis stejnegeri/Macaulay Recordings/5102.wav
309.760616,312.026436,KAAM_song,/home/dhind/Kitzes Lab/Kauai Amakihi - chlorodrepanis stejnegeri/Macaulay Recordings/5102.wav
312.798129,314.702731,KAAM_song,/home/dhind/Kitzes Lab/Kauai Amakihi - chlorodrepanis stejnegeri/Macaulay Recordings/5102.wav
319.201534,320.465796,KAAM_song,/home/dhind/Kitzes Lab/Kauai Amakihi - chlorodrepanis stejnegeri/Macaulay Recordings/5102.wav
331.072462,333.009902,KAAM_song,/home/dhind/Kitzes Lab/Kauai Amakihi - chlorodrepanis stejnegeri/Macaulay Recordings/5102.wav
340.496961,342.28663,KAAM_song,/home/dhind/Kitzes Lab/Kauai Amakihi - chlorodrepanis stejnegeri/Macaulay Recordings/5102.wav
346.6705,349.10051,KAAM_song,/home/dhind/Kitzes Lab/Kauai Amakihi - chlorodrepanis stejnegeri/Macaulay Recordings/5102.wav
352.679849,354.666547,KAAM_song,/home/dhind/Kitzes Lab/Kauai Amakihi - chlorodrepanis stejnegeri/Macaulay Recordings/5102.wav
359.904204,361.792387,KAAM_song,/home/dhind/Kitzes Lab/Kauai Amakihi - chlorodrepanis stejnegeri/Macaulay Recordings/5102.wav
365.913553,367.768899,KAAM_song,/home/dhind/Kitzes Lab/Kauai Amakihi - chlorodrepanis stejnegeri/Macaulay Recordings/5102.wav
373.08865,374.911158,KAAM_song,/home/dhind/Kitzes Lab/Kauai Amakihi - chlorodrepanis stejnegeri/Macaulay Recordings/5102.wav
377.850157,379.590569, KAAM_song,/home/dhind/Kitzes Lab/Kauai Amakihi - chlorodrepanis stejnegeri/Macaulay Recordings/5102.wav
391.970486,393.973602,KAAM_song,/home/dhind/Kitzes Lab/Kauai Amakihi - chlorodrepanis stejnegeri/Macaulay Recordings/5102.wav
397.569361,399.408287,KAAM_song,/home/dhind/Kitzes Lab/Kauai Amakihi - chlorodrepanis stejnegeri/Macaulay Recordings/5102.wav
402.889113,404.71162,KAAM_song,/home/dhind/Kitzes Lab/Kauai Amakihi - chlorodrepanis stejnegeri/Macaulay Recordings/5102.wav
410.573199,412.116584,KAAM_song,/home/dhind/Kitzes Lab/Kauai Amakihi - chlorodrepanis stejnegeri/Macaulay Recordings/5102.wav
416.516872,418.290123,KAAM_song,/home/dhind/Kitzes Lab/Kauai Amakihi - chlorodrepanis stejnegeri/Macaulay Recordings/5102.wav
424.381567,425.071165,KAAM_song,/home/dhind/Kitzes Lab/Kauai Amakihi - chlorodrepanis stejnegeri/Macaulay Recordings/5102.wav
430.456592,432.44329,KAAM_song,/home/dhind/Kitzes Lab/Kauai Amakihi - chlorodrepanis stejnegeri/Macaulay Recordings/5102.wav
438.633248,440.275147,KAAM_song,/home/dhind/Kitzes Lab/Kauai Amakihi - chlorodrepanis stejnegeri/Macaulay Recordings/5102.wav
449.46978,451.144517,KAAM_song,/home/dhind/Kitzes Lab/Kauai Amakihi - chlorodrepanis stejnegeri/Macaulay Recordings/5102.wav
457.104609,458.894279,KAAM_song,/home/dhind/Kitzes Lab/Kauai Amakihi - chlorodrepanis stejnegeri/Macaulay Recordings/5102.wav
466.545527,467.891884,KAAM_song,/home/dhind/Kitzes Lab/Kauai Amakihi - chlorodrepanis stejnegeri/Macaulay Recordings/5102.wav
477.611924,479.13889,KAAM_song,/home/dhind/Kitzes Lab/Kauai Amakihi - chlorodrepanis stejnegeri/Macaulay Recordings/5102.wav
491.403874,493.538342,KAAM_song,/home/dhind/Kitzes Lab/Kauai Amakihi - chlorodrepanis stejnegeri/Macaulay Recordings/5102.wav
495.935514,498.020726,?_KAAM_song,/home/dhind/Kitzes Lab/Kauai Amakihi - chlorodrepanis stejnegeri/Macaulay Recordings/5102.wav
506.033191,508.200498,KAAM_song,/home/dhind/Kitzes Lab/Kauai Amakihi - chlorodrepanis stejnegeri/Macaulay Recordings/5102.wav
522.714883,524.570228,KAAM_song,/home/dhind/Kitzes Lab/Kauai Amakihi - chlorodrepanis stejnegeri/Macaulay Recordings/5102.wav
527.574903,529.364572,KAAM_song,/home/dhind/Kitzes Lab/Kauai Amakihi - chlorodrepanis stejnegeri/Macaulay Recordings/5102.wav
534.635067,536.506832,KAAM_song,/home/dhind/Kitzes Lab/Kauai Amakihi - chlorodrepanis stejnegeri/Macaulay Recordings/5102.wav
540.677255,542.253478,KAAM_song,/home/dhind/Kitzes Lab/Kauai Amakihi - chlorodrepanis stejnegeri/Macaulay Recordings/5102.wav
545.241733,546.900051,KAAM_song,/home/dhind/Kitzes Lab/Kauai Amakihi - chlorodrepanis stejnegeri/Macaulay Recordings/5102.wav
551.924261,553.598998,KAAM_song,/home/dhind/Kitzes Lab/Kauai Amakihi - chlorodrepanis stejnegeri/Macaulay Recordings/5102.wav
557.654488,559.230711,KAAM_song,/home/dhind/Kitzes Lab/Kauai Amakihi - chlorodrepanis stejnegeri/Macaulay Recordings/5102.wav
562.563765,564.27134,KAAM_song,/home/dhind/Kitzes Lab/Kauai Amakihi - chlorodrepanis stejnegeri/Macaulay Recordings/5102.wav
4.953711,6.552002,KAAM_song,/home/dhind/Kitzes Lab/Kauai Amakihi - chlorodrepanis stejnegeri/Macaulay Recordings/5113.wav
8.140366,9.51033,KAAM_song,/home/dhind/Kitzes Lab/Kauai Amakihi - chlorodrepanis stejnegeri/Macaulay Recordings/5113.wav
1.005112,3.557889,KAAM_song,/home/dhind/Kitzes Lab/Kauai Amakihi - chlorodrepanis stejnegeri/Macaulay Recordings/155551431.wav
0.937976,2.942417,KAAM_song,/home/dhind/Kitzes Lab/Kauai Amakihi - chlorodrepanis stejnegeri/Macaulay Recordings/155551441.wav
6.591527,8.416083,KAAM_song,/home/dhind/Kitzes Lab/Kauai Amakihi - chlorodrepanis stejnegeri/Macaulay Recordings/155551441.wav
13.594222,15.495871,KAAM_song,/home/dhind/Kitzes Lab/Kauai Amakihi - chlorodrepanis stejnegeri/Macaulay Recordings/155551441.wav
